,ind1,ind2,indAll,indAny,indnot1,indnot2,ind1=tempResponsive,ind2=PIF7Dependent
0,AT5G33355,AT4G40010,AT1G65310,AT3G50890,AT4G40010,AT5G33355,,
1,AT3G50890,AT3G50890,AT4G10150,AT1G30750,AT1G14390,AT1G14642,,
2,AT1G14642,AT1G14390,AT1G29420,AT1G76490,AT1G30750,AT4G11660,,
3,AT4G11660,AT1G30750,AT3G50890,AT1G30860,AT2G39180,AT1G76490,,
4,AT1G76490,AT2G39180,AT3G13980,AT5G51060,AT4G11780,AT1G53560,,
5,AT4G23493,AT4G11780,AT5G59845,AT1G64780,AT3G16370,AT5G04370,,
6,AT4G24275,AT3G16370,AT5G07010,AT4G37010,AT3G61750,AT2G43010,,
7,AT1G53560,AT4G24275,AT5G15580,AT2G43010,AT5G51060,AT2G23690,,
8,AT5G04370,AT5G43950,AT3G03850,AT1G14390,AT1G64780,AT3G45970,,
9,AT2G43010,AT5G46730,AT4G24275,AT3G45970,AT4G37010,AT2G35210,,
10,AT3G45970,AT1G64780,AT2G14900,AT1G23030,AT3G59350,AT5G25130,,
11,AT1G23030,AT4G37010,AT1G44970,AT1G27620,AT3G18200,AT1G19610,,
12,AT2G35210,AT4G15165,AT5G12250,AT3G60330,AT3G03500,AT1G61100,,
13,AT5G25130,AT3G59350,AT1G65490,AT4G21920,AT4G14690,AT1G72840,,
14,AT1G19610,AT3G18200,AT1G73830,AT5G25130,AT3G55580,AT4G35470,,
15,AT1G61100,AT3G03500,AT1G14480,AT2G10940,AT3G60330,AT4G25950,,
16,AT1G72840,AT4G14690,AT3G23050,AT3G01260,AT4G21920,AT1G72430,,
17,AT3G48790,AT1G23030,AT1G52190,AT1G54010,AT2G11891,AT5G56850,,
18,AT4G35470,AT5G61270,AT3G03820,AT2G35860,AT4G30110,AT4G38690,,
19,AT4G25950,AT3G55580,AT5G11540,AT4G38690,AT1G54010,AT5G03170,,
20,AT1G72430,AT3G60330,AT2G27930,AT5G03170,AT5G09800,AT5G24580,,
21,AT5G56850,AT4G21920,AT3G42800,AT1G64390,AT2G35860,AT1G09140,,
22,AT4G38690,AT1G08630,AT1G23030,AT1G30935,AT2G21390,AT5G47830,,
23,AT3G48260,AT3G29370,AT4G25810,AT4G08950,AT3G20810,AT3G16570,,
24,AT5G03170,AT3G48790,AT1G64670,AT3G56250,AT3G28290,AT5G54380,,
25,AT5G23155,AT4G30110,AT1G09460,AT1G69490,AT1G64390,AT1G49210,,
26,AT4G08950,AT1G54010,AT1G15050,AT5G48657,AT4G00820,AT1G36060,,
27,AT3G56250,AT5G09800,AT1G08630,AT4G10940,AT3G42658,AT2G27420,,
28,AT5G61660,AT2G35860,AT3G29370,AT4G24430,AT3G28740,AT1G29600,,
29,AT1G02700,AT2G21390,AT3G48790,AT5G47830,AT1G15415,AT4G36900,,
30,AT1G69690,AT3G20810,AT5G10970,AT5G54380,AT5G48657,AT3G16240,,
31,AT3G16570,AT3G48260,AT5G13170,AT3G12580,AT4G01430,AT3G03341,,
32,AT5G54380,AT3G28290,AT5G55730,AT1G49210,AT4G24430,AT1G72690,,
33,AT5G24030,AT4G36570,AT2G33570,AT1G29600,AT3G55720,AT2G15580,,
34,AT3G12580,AT1G64390,AT4G38825,AT4G17030,AT5G42040,AT4G11960,,
35,AT1G49210,AT4G00820,AT5G62220,AT1G20450,AT4G31940,AT5G54250,,
36,AT1G36060,AT5G47370,AT2G42900,AT3G16240,AT1G20450,AT3G20395,,
37,AT2G27420,AT3G56250,AT2G26690,AT4G01330,AT1G32330,AT5G05180,,
38,AT1G21910,AT3G42658,AT5G18060,AT5G07150,AT1G78476,AT4G21020,,
39,AT4G17030,AT5G17780,AT5G18050,AT5G54250,AT4G14860,AT1G72060,,
40,AT4G24972,AT1G15415,AT3G24715,AT3G14440,AT4G36570,AT4G04810,,
41,AT2G40000,AT5G12340,AT5G52900,AT5G61360,AT5G43620,AT1G34060,,
42,AT2G36630,AT4G01430,AT1G04310,AT3G20395,AT1G78478,AT2G07759,,
43,AT1G72690,AT1G02660,AT1G11735,AT1G23080,AT2G41230,AT2G07754,,
44,AT4G01330,AT1G69690,AT3G06990,AT5G54790,AT3G48080,AT4G19170,,
45,AT4G11960,AT5G24030,AT4G14380,AT3G06770,AT5G07150,AT2G07751,,
46,AT5G66400,AT3G12580,AT1G29430,AT5G02780,AT1G07610,AT3G59060,,
47,AT5G54250,AT5G42040,AT2G47560,AT4G21020,AT2G34260,AT2G29500,,
48,AT5G57550,AT1G21910,AT5G47370,AT4G28040,AT2G39430,AT1G14890,,
49,AT5G49630,AT4G17030,AT3G56250,AT4G04810,ATCG01190,AT1G01448,,
50,AT3G20395,AT1G20450,AT4G38400,AT3G06778,AT5G61360,AT3G21010,,
51,AT1G23080,AT1G32330,AT5G02760,AT1G34060,AT1G80340,AT5G49360,,
52,AT5G27780,AT1G78476,AT4G34530,AT5G48150,AT4G11280,AT5G25490,,
53,AT5G05180,AT4G14860,AT5G10625,AT2G07759,AT2G41540,AT4G27310,,
54,AT5G63600,AT3G07010,AT4G16515,AT2G07754,AT3G06770,AT1G70890,,
55,AT1G22370,AT3G61820,AT2G21320,AT3G01513,AT4G00050,AT1G13040,,
56,AT1G72060,AT1G78478,AT1G69690,AT2G07751,AT4G28040,AT3G45730,,
57,AT4G04810,AT2G41230,AT3G54200,AT1G53035,AT1G03545,AT2G32540,,
58,AT4G36430,AT5G42680,AT3G15540,AT5G50335,AT3G06778,AT3G12120,,
59,AT3G08570,ATCG00360,AT5G24030,AT2G29500,AT2G23010,AT5G53144,,
60,AT1G34060,AT4G37450,AT1G03620,AT5G37020,AT5G48150,AT2G36830,,
61,AT2G07759,AT3G48080,AT5G35525,AT5G12050,AT3G16400,AT3G58620,,
62,AT5G44660,AT5G01790,AT1G16400,AT4G25631,AT2G32030,ATMG00480,,
63,AT2G07754,AT1G07610,AT5G01740,AT3G18200,AT3G01513,AT5G02810,,
64,AT4G15710,AT5G49630,AT3G28180,AT1G70890,AT5G24105,AT4G33740,,
65,AT2G07751,AT3G27290,AT1G21910,AT3G13520,AT2G38540,AT3G22961,,
66,AT4G21320,AT2G39430,AT4G17030,AT1G07500,AT1G53035,AT2G37340,,
67,AT3G59060,ATCG01190,AT4G38860,AT2G05995,AT5G37020,AT5G51440,,
68,AT2G29500,AT5G61360,AT2G38600,AT1G20190,AT3G48920,AT5G24210,,
69,AT5G64170,AT3G49220,AT3G53403,AT2G30210,AT4G25631,AT4G30270,,
70,AT1G14890,AT1G23080,AT3G07010,AT2G32540,AT3G12820,AT3G56960,,
71,AT1G01448,AT4G11280,AT5G14920,AT5G15160,AT5G59090,AT1G58370,,
72,AT5G12050,AT2G41540,AT5G42680,AT3G12120,ATCG01270,AT1G20850,,
73,AT3G21010,AT3G06770,AT1G15380,AT3G58810,AT3G25717,ATMG00990,,
74,AT5G49360,AT5G02780,AT4G34770,AT1G04160,AT2G05995,AT5G57780,,
75,AT4G27310,AT4G00050,AT4G37890,AT5G46460,AT1G20190,AT1G07440,,
76,AT1G70890,AT1G05260,AT1G76410,AT5G54720,AT2G30210,AT4G01593,,
77,AT2G40530,AT1G03545,AT1G73120,AT1G61255,AT3G58810,AT5G57140,,
78,AT1G13040,AT3G06778,AT5G38200,AT5G51670,AT1G04160,AT3G14450,,
79,AT1G18400,AT5G49280,AT1G09180,AT3G17380,AT5G03552,AT3G14452,,
80,AT1G07500,AT3G08570,AT2G44080,AT4G37553,AT4G08780,AT3G44610,,
81,AT3G45730,AT1G02400,AT5G49630,ATMG00480,AT5G54720,AT4G04620,,
82,AT2G32540,AT3G16400,AT4G21730,AT3G06370,AT1G61255,AT1G10070,,
83,AT5G15160,AT2G32030,AT3G49220,AT2G21220,AT1G80520,AT5G65890,,
84,AT1G52827,AT1G05065,AT5G63650,AT3G26830,AT5G10605,AT3G48690,,
85,AT1G29510,AT5G24105,AT1G23080,AT3G13610,AT2G28270,AT1G69230,,
86,AT5G60860,AT5G20230,AT5G22580,ATCG00200,AT3G26830,AT2G46790,,
87,AT5G46460,AT1G53035,AT5G04190,AT1G53625,ATCG00200,AT1G54050,,
88,AT2G41160,AT4G35320,AT1G07400,AT2G22930,AT1G53625,AT3G27250,,
89,AT5G15850,AT5G50335,AT5G62170,AT5G57780,AT2G22930,AT3G53420,,
90,AT5G48570,AT5G37020,AT2G44500,AT3G05800,AT3G05800,AT4G15953,,
91,AT4G13280,AT3G48920,AT5G65390,AT2G36885,AT4G18780,AT5G56810,,
92,AT3G58620,AT5G48900,AT5G44260,AT4G30270,AT3G11430,AT3G28200,,
93,AT3G17380,AT5G12050,AT2G14890,AT3G23090,AT4G08300,AT3G03870,,
94,ATMG00500,AT3G29575,AT3G08570,AT2G07689,AT2G07689,AT4G14130,,
95,AT1G80440,AT4G25631,AT3G03830,AT1G20850,AT5G06590,AT4G34000,,
96,AT3G06370,AT3G12820,AT5G25190,AT4G34650,AT2G10940,AT1G73040,,
97,AT4G11211,AT3G13520,AT5G22500,AT1G08630,AT5G41800,AT3G02480,,
98,AT2G36120,AT1G18400,AT1G15790,AT4G14550,AT5G17165,AT5G06980,,
99,AT2G21220,ATCG01270,AT3G19380,AT4G01593,AT4G39840,AT5G20450,,
100,AT4G33740,AT1G07500,AT2G32300,AT5G57140,AT5G44050,AT1G12780,,
101,AT1G54200,AT2G47060,AT5G15290,AT5G66080,AT4G26290,AT4G01270,,
102,AT3G22961,AT2G05995,AT2G25770,AT3G44610,AT2G21100,AT1G01120,,
103,AT2G37340,AT1G20190,AT5G53980,AT4G04620,AT2G26560,AT4G15550,,
104,AT1G55330,AT1G48100,AT5G50335,AT1G10070,AT3G26539,AT5G61455,,
105,AT3G12320,AT5G15160,ATCG00210,AT4G31380,AT2G18969,AT3G48280,,
106,AT4G35770,AT1G52827,AT5G12050,AT4G30110,ATCG00370,AT1G52000,,
107,AT5G24210,AT1G29510,AT4G13260,AT1G29660,AT1G09310,AT3G22090,,
108,AT4G30270,AT3G58810,AT3G12710,AT3G48690,AT1G07119,AT1G73260,,
109,AT1G69570,AT4G21730,AT3G13520,AT2G28470,AT5G53090,AT3G62660,,
110,AT3G56960,AT1G04160,AT2G06850,ATCG00370,AT3G48450,AT5G13490,,
111,AT1G58370,AT2G23000,AT2G16367,AT1G69230,AT2G28670,AT3G03470,,
112,AT1G20850,AT4G08780,AT4G25260,AT1G64760,AT2G27370,AT2G01430,,
113,ATMG00990,AT5G54720,AT1G18400,AT3G29030,AT3G55940,AT5G66400,,
114,AT4G34650,AT1G61255,AT5G09805,AT5G53090,AT1G24070,ATMG00330,,
115,AT1G08630,AT1G80520,AT1G75500,AT1G55265,AT1G33560,AT3G29240,,
116,AT2G47930,AT3G17380,AT1G07500,AT4G15953,AT5G24070,AT2G41640,,
117,AT4G14550,AT3G06370,AT1G36940,AT5G56810,AT1G72140,AT5G54080,,
118,AT3G20100,AT4G11211,AT2G40000,AT4G34790,AT3G50900,AT3G01770,,
119,AT1G58150,AT2G28270,AT1G67050,AT4G14130,AT1G72490,AT2G41160,,
120,AT5G57140,AT3G26830,AT1G35140,AT4G34000,AT3G55090,AT5G48570,,
121,AT1G29465,AT5G66920,AT1G74310,AT3G55940,AT4G36945,ATMG00500,,
122,AT3G14450,AT1G54200,AT5G15160,AT1G73040,AT5G12340,AT2G31980,,
123,AT3G14452,ATCG00200,AT1G52827,AT1G24070,AT3G49550,AT4G01200,,
124,AT1G29460,AT1G53625,AT1G29510,AT3G02480,AT3G55310,AT2G39570,,
125,AT4G04620,AT2G22930,AT5G60860,AT1G33560,AT1G49310,AT3G01490,,
126,AT1G10070,AT1G55330,AT5G03150,AT2G37640,AT5G66562,AT1G73870,,
127,AT4G31380,AT3G05800,AT2G23000,AT5G42180,AT1G43020,AT4G15780,,
128,AT3G50460,AT4G18780,AT4G15330,AT5G27780,AT1G02660,AT5G21170,,
129,AT3G48690,AT5G49770,AT3G53310,AT4G01270,AT1G09890,AT1G64360,,
130,AT2G28470,AT1G69570,AT5G11100,AT5G18020,AT1G25250,AT1G08115,,
131,AT2G19660,AT4G08300,AT4G33420,AT1G01120,AT5G49280,AT1G64200,,
132,AT1G69230,AT2G07689,AT1G29450,AT4G15550,ATCG01010,AT1G11410,,
133,AT2G46790,AT4G34650,AT1G12013,AT3G48280,AT4G26950,AT2G44290,,
134,AT1G54050,AT5G06590,AT3G17380,AT1G52000,AT4G20090,AT1G67865,,
135,AT3G27250,AT2G10940,AT3G62040,AT4G23680,AT1G30860,AT1G67860,,
136,AT4G15780,AT1G04610,AT3G55230,AT3G22090,AT1G14600,AT5G38150,,
137,AT2G46810,AT4G14550,AT2G37030,AT1G73260,AT3G10000,AT2G33051,,
138,AT5G44190,AT3G55230,AT3G06370,AT3G55090,AT5G20730,AT2G37180,,
139,AT5G56810,AT3G20100,AT4G11211,AT4G36945,AT3G16330,AT5G21105,,
140,AT4G34790,AT5G17165,AT5G03960,AT1G62660,AT3G48600,AT1G33615,,
141,AT5G66580,AT4G39840,AT2G21220,AT3G62660,AT5G49770,AT2G23348,,
142,AT3G05250,AT1G29465,AT5G02540,AT3G55310,AT5G59130,AT3G30214,,
143,AT4G34000,AT5G66080,AT1G70940,AT3G03470,AT5G45080,AT5G16340,,
144,AT1G73040,AT1G29460,AT1G54200,AT3G20470,AT5G50940,AT1G52690,,
145,AT3G02480,AT4G26290,AT5G24206,AT5G66562,AT3G21950,AT1G02700,,
146,AT3G10720,AT1G03200,AT5G15780,AT3G20810,AT3G01550,AT1G28660,,
147,AT2G37640,AT2G26560,AT1G55330,AT5G66400,AT5G46330,AT5G48850,,
148,AT2G42380,AT4G31380,AT1G60060,AT5G08760,ATCG00720,AT5G52300,,
149,AT1G12780,AT3G26539,AT5G12020,AT1G25250,AT1G60030,AT5G60840,,
150,AT4G01270,AT2G28470,AT1G62280,AT3G29240,AT4G01870,AT3G52060,,
151,AT5G18020,AT5G45070,AT1G78750,AT2G41640,AT1G52315,AT2G39850,,
152,AT1G01120,ATCG00370,AT5G03760,AT4G26950,AT1G53708,AT3G21550,,
153,AT3G53230,AT2G19660,AT1G69570,AT4G35320,AT4G21740,AT2G45910,,
154,AT3G53232,AT2G40900,AT4G08150,AT1G14600,AT1G71740,AT5G24150,,
155,AT3G48280,AT1G09310,AT1G72180,AT2G41160,AT1G75166,AT2G07726,,
156,AT1G52000,AT3G49380,AT4G21650,AT5G11420,AT5G13930,AT5G24155,,
157,AT4G23680,AT3G29030,AT1G78970,ATMG00500,AT4G11950,AT4G39363,,
158,AT3G22090,AT1G23060,AT4G17695,AT3G16330,AT1G13670,AT4G39364,,
159,AT1G73260,AT3G01750,AT4G34650,AT4G01200,AT4G11521,AT3G18773,,
160,AT3G62660,AT2G28670,AT4G28290,AT5G49770,AT1G30280,AT5G03720,,
161,AT4G21340,AT2G27370,AT1G10800,AT2G39570,AT1G62981,AT3G62860,,
162,AT3G03470,AT3G55940,AT3G23030,AT5G50940,AT4G16270,AT5G51170,,
163,AT3G20470,AT1G24070,AT4G00910,AT4G15780,AT4G19120,AT4G27280,,
164,AT4G37450,AT1G33560,AT1G29500,AT5G66580,AT2G29120,AT5G03860,,
165,AT5G08760,AT3G10720,AT1G52830,AT3G29810,AT5G41060,AT1G64660,,
166,ATMG00330,AT2G37640,AT5G45740,AT1G08115,AT2G35710,AT4G25780,,
167,AT3G29240,AT5G27780,AT5G03545,AT4G33550,AT5G41140,AT5G57660,,
168,AT2G41640,AT3G29810,AT4G14550,AT2G44290,AT3G22620,AT3G46230,,
169,AT2G47630,AT5G18020,AT5G25460,AT1G67865,AT1G75260,AT5G60850,,
170,AT4G35320,AT3G53232,AT3G01470,AT5G57560,AT2G40113,ATMG01080,,
171,AT5G48900,AT4G01680,AT3G20100,AT1G67860,AT4G08555,AT2G31890,,
172,AT3G01770,AT2G39980,AT1G60740,AT4G01870,AT4G33905,AT3G06140,,
173,AT2G36830,AT4G23680,AT5G66310,AT1G68600,AT2G22500,AT5G47740,,
174,AT5G11420,AT3G47510,AT1G29465,AT1G52315,AT5G61270,AT4G25760,,
175,AT5G53830,AT1G72490,AT5G66080,AT1G53708,AT3G15095,AT5G02840,,
176,AT2G31980,AT3G55090,ATMG00830,AT4G14819,AT3G04040,AT3G48550,,
177,AT4G01200,AT4G36945,AT5G18010,AT5G57760,AT2G46590,AT4G35100,,
178,AT2G39570,AT2G40090,AT1G29460,AT5G47370,AT3G16180,AT1G15175,,
179,AT3G01490,AT5G52900,AT4G31910,AT3G02170,AT4G39800,AT1G32780,,
180,AT1G73870,AT4G21340,AT4G31380,AT4G11950,AT5G05365,AT2G21820,,
181,AT5G19120,AT3G55310,AT1G44830,AT1G13670,AT5G63810,AT2G05540,,
182,AT3G53420,AT1G49310,AT1G69160,AT5G66800,AT3G56200,AT4G13040,,
183,AT5G21170,AT5G08260,AT5G39865,AT2G23348,ATCG00870,AT3G26220,,
184,AT1G64360,AT1G43020,AT2G28470,AT4G11521,AT5G43180,AT2G37870,,
185,AT3G29810,AT1G09890,AT4G32280,AT1G67265,AT3G46900,AT3G13061,,
186,AT1G08115,AT5G08760,AT1G70270,AT1G28660,AT1G61340,AT4G34760,,
187,AT1G64200,AT1G25250,AT2G19660,AT1G76240,AT5G63180,AT5G06865,,
188,AT4G33550,AT4G36430,AT2G40900,AT5G52300,AT1G51370,AT1G15830,,
189,AT1G11410,ATCG01010,AT1G12080,AT2G15880,AT5G64660,AT2G46670,,
190,AT2G44290,AT4G26950,AT5G24160,AT2G45910,AT1G04040,AT4G24972,,
191,AT1G10550,AT4G20090,AT3G29030,AT5G24150,AT1G17870,AT4G03320,,
192,AT1G67865,AT1G30860,AT5G19870,AT4G16780,AT2G42800,AT5G25140,,
193,AT5G62490,AT1G14600,AT5G67060,AT2G35710,AT5G12940,AT5G20250,,
194,AT1G79245,AT3G10000,AT1G20700,AT3G48970,AT1G62840,AT5G15830,,
195,AT5G03990,AT5G11420,AT1G09250,AT1G09140,AT5G06860,AT5G18690,,
196,AT1G67860,AT5G53830,AT3G03840,AT2G40113,AT1G64400,AT2G36630,,
197,AT5G06930,AT3G16330,AT5G18080,AT1G03870,AT3G02850,AT5G21100,,
198,AT2G33051,AT2G37030,AT4G09160,AT3G26450,AT1G04250,AT2G24280,,
199,AT4G14819,AT3G11430,AT5G60020,AT4G27280,AT5G05840,AT1G19350,,
200,AT5G57760,AT5G59130,AT5G51890,AT2G22500,AT4G19460,AT1G26911,,
201,AT5G24580,ATCG00940,AT3G10720,AT1G64660,AT5G05960,AT5G39190,,
202,AT4G37980,AT5G45080,AT2G37640,AT1G29420,AT1G70920,AT1G61667,,
203,AT2G37180,AT5G50940,AT1G06080,AT3G04040,AT5G52882,AT5G64180,,
204,AT4G12730,AT3G21950,AT5G27780,AT3G46230,AT3G45960,AT5G12110,,
205,AT5G21105,AT5G66580,AT5G18030,AT5G60850,AT2G36870,AT5G43270,,
206,AT2G23348,AT3G01550,AT5G18020,AT5G05365,AT5G43700,AT2G36950,,
207,AT3G30214,AT1G72140,AT2G40711,AT3G03850,AT5G03130,AT2G46610,,
208,AT4G38400,AT3G49550,AT1G11545,AT5G05850,ATCG00340,AT3G11600,,
209,AT5G16340,AT4G33550,AT3G53232,AT2G31890,AT4G23690,AT3G21670,,
210,AT1G67265,AT1G60030,AT4G01680,AT5G47740,AT3G61820,AT1G72770,,
211,AT5G03260,AT1G10550,AT5G07000,ATCG00870,AT1G74430,AT4G34540,,
212,AT5G38150,AT3G48600,AT4G23680,AT5G43180,AT5G57920,AT2G20722,,
213,AT1G52690,AT1G79245,AT3G47510,AT3G23050,AT1G04220,AT2G20723,,
214,AT4G37800,AT4G01870,AT5G54510,AT2G40370,AT5G16350,AT5G52120,,
215,AT1G28660,AT5G41800,AT1G74670,AT2G27930,AT3G01260,AT5G42200,,
216,AT1G76240,AT1G52315,AT4G38850,AT5G02840,AT1G11185,AT3G49780,,
217,AT5G52300,AT1G78570,AT5G62280,AT3G48450,AT5G48310,AT3G04960,,
218,AT5G60840,AT4G14819,AT5G60650,AT1G68825,AT3G63050,AT3G11690,,
219,AT2G15880,AT5G57760,AT2G44910,AT1G51370,AT1G08430,AT1G33640,,
220,AT2G39850,AT4G21740,AT3G53250,AT3G50460,AT4G16690,AT4G01335,,
221,AT3G21550,AT1G71740,AT2G47880,AT1G32780,AT3G09710,AT5G06720,,
222,AT2G45910,AT4G37980,AT1G51580,AT2G21820,AT5G03890,AT4G01330,,
223,AT5G54165,AT3G02170,AT3G12580,AT2G05540,AT5G27000,AT5G10695,,
224,AT5G24150,AT1G75166,AT1G02340,AT4G38825,AT1G53500,AT1G13790,,
225,AT2G07726,AT5G13930,AT4G08685,AT1G17870,AT1G20440,AT5G63600,,
226,AT5G25240,AT4G11950,AT1G29440,AT3G26220,AT3G14260,AT1G70250,,
227,AT4G16780,AT1G13670,AT4G37450,AT5G18060,AT1G68690,AT1G43790,,
228,AT3G48970,AT4G12730,AT5G08760,AT3G24715,AT2G34650,AT4G12400,,
229,AT4G39363,AT5G66800,AT2G07826,AT1G11735,AT4G13310,AT5G23840,,
230,AT4G39364,AT4G11521,AT4G36430,AT5G06860,AT5G66920,AT5G46460,,
231,AT1G09140,AT1G30280,AT2G46780,AT2G46670,ATCG01060,AT5G47560,,
232,AT4G17695,AT1G67265,AT4G35320,AT4G36900,AT5G66840,AT2G07765,,
233,AT2G38480,AT5G03260,AT5G48900,AT4G03320,AT4G29310,AT2G18050,,
234,AT2G21320,AT4G19370,AT5G01210,AT5G05840,ATCG00040,AT4G37800,,
235,AT1G03870,AT5G61660,AT3G50340,AT5G20250,AT2G24190,AT1G62290,,
236,AT3G18773,AT1G62981,AT3G48260,AT5G05960,AT5G02780,AT4G34790,,
237,AT3G26450,AT3G56230,AT5G11420,AT1G32330,AT1G52410,AT3G12320,,
238,AT5G03720,AT4G31940,AT5G53830,AT1G70920,AT3G21890,AT4G22200,,
239,AT3G62860,AT1G76240,AT2G38090,AT3G54200,AT1G32690,AT3G20470,,
240,AT5G51170,AT5G48657,AT4G28720,AT1G03620,AT1G22910,AT4G34260,,
241,AT4G27280,AT4G21650,AT3G62570,AT5G35525,AT3G08660,AT3G02620,,
242,AT5G03860,AT5G59320,AT3G59900,AT3G03341,AT1G64330,AT2G41312,,
243,AT1G64660,AT4G16270,AT5G06200,AT3G45960,AT3G05880,AT2G23672,,
244,AT1G29420,AT4G19120,AT3G54510,AT2G36870,AT3G21510,AT5G66650,,
245,AT5G57660,AT2G29120,AT5G66580,AT1G29020,AT4G11190,AT4G36600,,
246,AT3G46230,AT5G03130,AT3G29810,AT3G15540,ATMG00640,AT2G15880,,
247,AT1G14520,AT4G16780,AT4G32350,AT1G26911,AT1G62660,AT5G41470,,
248,AT5G15580,AT2G35710,AT4G21340,AT3G07010,AT3G50845,AT5G20240,,
249,AT3G03850,AT3G48970,AT4G33550,AT1G76410,AT3G60290,AT1G13245,,
250,AT5G51890,AT3G22620,AT3G05890,AT5G64180,AT3G50840,AT2G19580,,
251,ATMG01080,AT4G17695,AT4G26990,AT5G43270,AT1G68600,AT5G16370,,
252,AT2G31890,AT1G75260,AT2G40610,AT5G20240,AT3G12610,AT5G03230,,
253,AT3G06140,AT2G40113,AT1G77870,ATMG00830,AT5G47240,AT4G19820,,
254,AT5G47740,AT1G03870,AT1G10550,AT2G36950,AT5G13900,AT3G55420,,
255,AT3G23050,AT5G41900,AT1G04778,AT1G63300,AT3G14940,AT5G08150,,
256,AT3G02170,AT4G33905,AT3G22400,AT5G08185,AT3G54030,AT4G17460,,
257,AT5G02840,AT2G22500,AT1G79245,AT1G11185,AT2G40370,AT3G53040,,
258,AT4G25810,AT4G10150,AT2G43050,AT3G21670,AT3G12110,AT1G01620,,
259,AT3G48550,AT1G29420,AT5G06930,AT5G42680,AT1G70170,AT2G47770,,
260,AT1G09460,AT4G03190,AT2G28780,AT3G52680,AT2G23170,AT1G33055,,
261,AT4G35100,AT3G04040,AT2G26220,AT5G48310,AT3G15340,AT4G36730,,
262,AT1G15175,AT2G46590,AT2G18480,AT5G44260,AT1G34670,AT1G32100,,
263,AT1G60740,AT3G16180,AT4G14819,AT2G14890,AT1G04680,AT1G22370,,
264,AT3G28180,AT4G39800,AT2G41170,AT4G34540,AT1G01190,AT1G32450,,
265,AT5G55730,AT5G05365,AT5G57760,AT5G43620,AT4G39210,AT1G35516,,
266,AT1G32780,AT3G03850,AT1G09570,AT3G54510,AT3G53480,AT5G57790,,
267,AT5G65390,AT4G00910,AT1G77200,AT5G03890,AT5G42250,AT2G19650,,
268,AT2G21820,AT3G50930,AT1G05820,AT2G25770,AT1G74650,AT5G14780,,
269,AT2G05540,AT3G55720,AT4G37980,AT1G20440,AT2G40475,AT2G32870,,
270,AT4G13040,AT5G43180,AT1G64640,AT3G14260,AT4G33280,AT1G25098,,
271,AT2G26690,AT3G23050,AT3G02170,AT4G00380,AT1G05260,AT1G59860,,
272,AT1G29600,AT3G46900,AT4G08040,AT3G04960,AT2G36750,AT3G17520,,
273,AT2G37870,AT4G08040,AT2G21830,AT5G65730,AT3G62270,AT5G40420,,
274,AT3G13061,AT1G61340,AT3G18850,AT4G13310,AT3G20110,AT3G58120,,
275,AT5G52900,AT4G25810,AT2G20835,AT5G20270,AT1G26560,AT4G04630,,
276,AT4G34760,AT5G63180,AT4G12730,AT1G07610,AT1G73780,AT2G35300,,
277,AT1G04310,AT1G68825,AT3G30180,AT5G06720,AT1G28570,AT1G53730,,
278,AT1G11735,AT1G51370,AT5G01600,AT5G14390,AT5G63820,AT4G33120,,
279,AT3G62070,AT1G60740,AT4G39400,AT1G07400,AT4G19370,ATMG00580,,
280,AT2G46670,AT5G45740,AT1G67265,AT1G70250,AT4G32460,AT1G24148,,
281,AT4G36900,AT5G40100,AT5G02200,AT5G57340,AT3G02240,AT5G06510,,
282,AT4G03320,AT2G33570,AT5G03260,AT1G52410,AT4G18290,AT1G78265,,
283,AT5G23750,AT5G03545,AT3G20380,AT3G16610,AT5G37550,AT2G05300,,
284,AT5G20250,AT1G04040,AT5G46730,AT4G12400,AT2G29460,AT4G30410,,
285,AT3G54200,AT1G17870,AT2G46750,AT1G64330,AT2G12400,AT2G29300,,
286,AT5G15830,AT2G26690,AT5G57340,AT3G05880,AT3G22945,AT3G16920,,
287,AT1G03620,AT5G18060,AT1G25988,AT3G21510,AT1G55040,AT2G05510,,
288,AT5G35525,AT2G42800,AT2G25220,AT2G07765,AT3G03520,AT1G20015,,
289,AT5G18690,AT5G12940,AT1G78060,AT1G60060,AT2G40270,AT2G41475,,
290,ATMG00480,AT1G04310,AT5G57560,AT3G28200,AT3G11550,AT1G16390,,
291,AT3G03341,AT1G11735,AT1G76240,AT5G02540,AT3G48700,AT5G06280,,
292,AT5G11100,AT5G06860,AT2G47780,AT5G12340,AT4G25560,AT5G64552,,
293,AT5G21100,AT1G15310,AT2G18010,AT2G01430,AT3G50930,AT2G37060,,
294,AT2G24280,AT3G02850,AT1G72230,AT3G50845,AT5G40090,AT5G40250,,
295,AT1G15380,AT5G23190,AT1G68560,AT5G12020,AT2G45290,AT1G67650,,
296,AT1G19350,AT1G04250,AT1G31770,AT4G34260,AT5G13700,AT1G55960,,
297,AT1G26911,AT5G05840,AT4G14560,AT3G50840,AT5G59510,AT1G53540,,
298,AT3G07010,AT5G66310,AT5G39860,AT3G12610,AT5G55950,AT2G32340,,
299,AT1G76410,AT4G19460,AT5G54165,AT5G03760,AT3G47980,AT5G08770,,
300,AT1G61667,ATCG00350,AT5G51670,AT4G21650,AT5G66800,AT1G65970,,
301,AT5G64180,AT5G05960,AT3G58850,AT1G80340,AT2G40200,AT1G53785,,
302,AT2G29340,AT1G70920,AT4G16780,AT5G13900,AT2G22860,AT5G10100,,
303,AT5G43270,AT3G54200,AT4G16260,AT3G14940,ATMG00516,AT1G72820,,
304,AT5G14920,AT1G03620,AT4G18970,AT4G24265,AT1G30515,AT5G39160,,
305,ATMG00830,AT5G35525,AT3G48970,AT5G46330,AT3G13950,AT2G45450,,
306,AT2G36950,AT5G52882,AT1G78490,AT3G12110,AT1G32385,AT1G08300,,
307,AT4G10310,AT5G63810,AT5G61660,AT4G13040,AT1G30510,AT4G20870,,
308,AT5G08185,AT3G45960,AT3G23635,AT5G03230,AT3G45140,AT5G66590,,
309,AT3G11600,AT2G36870,AT1G52750,AT4G14380,AT5G42180,AT2G18150,,
310,AT3G21670,AT5G43700,AT3G50460,AT3G55420,AT4G15165,AT4G28240,,
311,AT5G42680,AT1G15380,AT2G38480,AT1G70170,AT1G44800,AT2G38120,,
312,AT5G48850,AT3G49820,AT5G42655,AT5G08150,AT3G19200,AT3G47347,,
313,AT1G72770,AT1G15050,AT1G70985,AT1G34670,AT3G50800,AT3G58450,,
314,AT5G44260,AT1G76410,AT1G03870,AT1G04680,AT5G53815,AT3G51220,,
315,AT2G14890,AT4G23690,AT5G25450,AT4G39210,AT1G18710,AT2G33060,,
316,AT4G34540,AT5G43620,AT3G21330,AT3G53480,AT2G18380,AT5G16110,,
317,AT3G54510,AT1G74430,AT5G23155,AT1G74650,AT2G41820,AT2G47930,,
318,AT1G15790,AT5G57920,AT2G21200,AT1G20700,AT5G57770,AT3G29670,,
319,AT2G20723,AT1G04220,AT1G25230,AT5G10230,AT2G43670,AT4G13340,,
320,AT5G52120,AT5G14920,AT2G21540,AT4G33280,AT5G65710,AT1G65370,,
321,AT2G25770,ATMG00830,AT5G13790,AT4G00050,AT4G18630,AT5G66110,,
322,AT4G34770,AT5G16350,AT3G49160,AT1G05260,AT4G37730,AT5G58770,,
323,AT4G00380,AT3G01260,AT1G04180,AT5G57790,AT1G14460,AT5G02020,,
324,AT3G04960,AT1G11185,,AT5G14780,AT3G07425,AT5G03120,,
325,AT5G65730,AT5G48310,,AT2G32870,AT3G28220,AT4G38700,,
326,AT3G11690,AT3G63050,,AT3G62270,AT4G12740,AT1G71990,,
327,AT1G33640,AT5G44260,,AT1G25098,AT5G54790,AT1G76960,,
328,AT5G20270,AT2G14890,,AT4G14560,AT5G43950,AT2G07042,,
329,AT4G01335,AT5G64660,,AT3G17520,AT1G10682,AT1G53690,,
330,AT1G08300,AT3G09710,,AT4G38850,AT2G33380,AT2G32150,,
331,AT2G15580,AT1G15790,,AT4G04630,AT5G58550,AT2G45920,,
332,AT5G14390,ATCG00210,,AT2G35300,AT5G01790,AT4G15765,,
333,AT1G13790,AT1G67900,,AT2G44910,AT3G27290,AT3G20540,,
334,AT1G07400,AT5G27000,,AT1G53730,AT5G02750,AT4G15760,,
335,AT1G70250,AT2G25770,,ATMG00580,AT5G63790,AT4G35770,,
336,AT5G57340,AT1G53500,,AT3G02240,AT2G37530,AT5G06970,,
337,AT2G43050,AT1G20440,,AT1G24148,AT1G11080,AT2G40530,,
338,AT1G43790,AT3G14260,,AT4G18290,AT1G55265,AT3G05910,,
339,AT4G12400,AT1G68690,,AT2G34650,AT1G13590,AT4G23870,,
340,AT5G23840,AT2G34650,,AT1G78265,AT1G29020,AT2G42380,,
341,AT2G23000,AT4G13310,,AT2G29460,AT3G49380,AT3G13277,,
342,AT5G42655,AT5G07150,,AT5G15780,AT4G38770,AT2G44130,,
343,AT5G47560,ATCG01060,,AT2G05300,AT4G37553,AT2G47630,,
344,AT4G33420,AT5G66840,,AT2G12400,AT5G17920,AT5G18340,,
345,AT5G10180,AT5G64330,,AT4G30410,AT2G32560,AT4G33660,,
346,AT2G07765,ATCG00040,,AT2G29300,ATCG00940,AT2G47440,,
347,AT5G25460,AT5G62280,,AT3G16920,AT5G06480,AT3G59930,,
348,AT1G60060,AT2G24190,,AT1G20015,AT4G17680,AT4G25200,,
349,AT2G18050,AT1G07400,,AT3G62570,AT5G01180,AT5G19190,,
350,AT2G47880,AT5G57340,,AT1G35516,AT4G39955,AT5G08600,,
351,AT1G62290,AT1G52410,,AT3G11550,AT4G03190,AT2G40170,,
352,AT3G28200,AT3G21890,,AT3G48700,AT5G45275,AT1G23120,,
353,AT5G02540,AT5G51060,,AT2G39450,AT1G62920,AT1G61275,,
354,AT5G60020,AT1G32690,,AT5G18030,AT1G78340,AT1G79620,,
355,AT4G22200,AT1G69160,,AT2G26530,AT5G49120,AT2G22980,,
356,AT2G01430,AT3G08660,,AT1G53540,AT1G76650,AT3G51895,,
357,AT5G12020,AT1G64330,,AT2G45290,AT5G45070,AT4G25800,,
358,AT4G34260,AT3G05880,,AT2G28780,AT2G36080,AT5G14840,,
359,AT3G49220,ATCG00720,,AT2G32030,ATCG00220,AT2G32120,,
360,AT3G02620,AT3G21510,,AT2G41170,AT1G48100,AT2G38530,,
361,AT2G41312,AT5G25460,,AT5G55950,AT1G75590,AT4G08360,,
362,AT5G03760,AT1G60060,,AT5G08770,AT1G67570,AT1G55310,,
363,AT5G66650,AT4G11190,,AT1G53785,AT5G64330,AT2G47180,,
364,AT4G36600,ATMG00640,,AT3G18850,AT1G59730,AT3G50570,,
365,AT4G08150,AT5G02540,,AT4G31730,AT1G52280,AT5G22860,,
366,AT1G72180,AT1G62660,,AT2G22860,AT1G75450,AT3G04350,,
367,AT1G68560,AT4G32280,,ATMG00516,AT3G57700,AT1G58070,,
368,AT5G41470,AT2G36750,,AT2G45450,AT5G44670,AT2G17650,,
369,AT2G38530,AT3G60290,,AT2G44500,AT4G12090,AT2G24762,,
370,AT1G13245,AT3G50840,,AT1G32385,AT3G53880,AT5G64510,,
371,AT1G29500,AT1G68600,,AT2G21100,AT4G15340,AT4G36850,,
372,AT5G06720,AT4G39210,,AT4G20870,AT1G04240,AT3G24500,,
373,AT1G52830,AT5G47240,,AT5G46730,AT5G36925,AT1G17460,,
374,AT2G19580,AT5G03760,,AT5G66590,AT5G05850,AT1G49200,,
375,AT2G23672,AT4G08150,,AT3G23635,AT1G01200,AT1G67590,,
376,AT5G03230,AT1G72180,,AT2G18150,AT3G20640,AT5G05690,,
377,AT3G52060,AT1G68560,,AT1G21830,AT3G57157,AT5G25240,,
378,AT3G55420,AT1G80340,,AT2G38120,AT2G47200,AT3G20083,,
379,AT5G08150,AT5G13900,,AT2G18010,AT5G40100,AT3G08970,,
380,AT2G47780,AT3G14940,,AT1G72230,AT1G05065,AT2G21430,,
381,AT4G17460,AT1G12110,,AT1G44800,AT3G09405,AT3G10113,,
382,AT3G53040,AT3G54030,,AT3G19200,AT2G40090,AT5G25110,,
383,AT5G60650,AT1G29500,,AT5G39865,AT1G59850,AT3G16770,,
384,AT5G24206,AT2G40370,,AT3G58450,AT2G27660,AT2G42040,,
385,AT5G24160,AT1G52830,,AT1G76160,ATCG01100,AT1G68862,,
386,AT1G01620,AT3G12110,,AT5G39860,AT2G02820,AT3G57410,,
387,AT5G42200,AT4G38825,,AT2G46590,AT3G49110,AT1G27420,,
388,AT1G20700,AT4G14380,,AT3G51220,AT3G27070,AT5G63190,,
389,AT2G47770,AT1G70170,,AT2G18380,AT5G44980,AT1G14120,,
390,AT3G10740,AT2G23170,,AT5G57770,AT1G31280,AT1G04560,,
391,AT4G36730,AT5G18010,,AT1G78490,ATCG00350,AT2G33250,,
392,AT1G32100,AT3G15340,,AT2G47930,AT2G22821,AT1G70830,,
393,AT4G21020,AT2G47780,,AT4G18630,AT2G39130,AT4G02005,,
394,AT1G32450,AT5G65390,,AT3G29670,AT3G06890,AT1G64500,,
395,AT1G35516,AT4G22840,,AT1G14460,AT1G60270,AT5G05420,,
396,AT5G39850,AT1G34670,,AT5G66110,AT5G56080,AT3G54500,,
397,AT5G57790,AT5G37790,,AT3G07425,AT2G37580,AT1G14280,,
398,AT1G06080,AT5G24206,,AT1G25230,AT5G59320,AT1G73165,,
399,AT2G32870,AT3G12610,,AT3G28160,AT3G22600,AT3G13437,,
400,AT1G25098,AT5G24160,,AT3G49160,AT5G49370,AT1G20470,,
401,AT4G14560,AT3G53480,,AT1G04180,AT3G20340,AT3G27630,,
402,AT1G59860,AT5G42250,,AT3G08660,AT5G44350,AT3G15670,,
403,AT4G14380,AT1G74650,,AT1G28570,AT3G25190,AT3G61800,,
404,AT1G04180,AT2G40475,,AT5G12110,AT3G56230,AT4G32480,,
405,AT5G40420,AT1G20700,,AT2G33380,AT2G36885,ATMG01370,,
406,AT3G58120,AT4G33280,,AT2G07042,AT2G32990,AT1G63295,,
407,AT4G38850,AT5G54165,,AT5G01790,AT1G29195,AT3G01970,,
408,AT4G04630,AT5G60020,,AT3G27290,AT1G29660,AT5G19120,,
409,AT2G35300,AT2G23010,,AT1G14480,AT1G26945,AT3G49570,,
410,AT2G44910,AT1G06080,,AT2G32150,AT1G78450,AT2G45960,,
411,AT1G53730,AT5G51670,,AT2G45920,AT2G20750,AT4G13280,,
412,AT5G24155,AT2G40200,,AT4G15765,AT1G76690,AT2G07774,,
413,AT4G33120,AT5G48150,,AT2G37530,AT4G20230,AT1G80440,,
414,ATMG00580,AT3G62270,,AT4G15760,AT1G75030,AT2G07777,,
415,AT1G51580,AT3G20110,,AT5G59090,AT5G66390,AT5G02490,,
416,AT1G02340,AT4G14560,,AT2G40530,AT1G65920,AT2G07671,,
417,ATMG00180,AT1G26560,,AT1G13590,AT1G14540,AT5G09540,,
418,AT5G06510,AT1G04180,,AT1G14870,AT1G21980,AT4G14930,,
419,AT1G78265,AT1G28570,,AT3G49380,AT1G63420,AT4G18670,,
420,AT5G15780,AT4G38850,,AT4G23870,AT1G80280,AT2G36040,,
421,AT2G46780,AT1G09250,,AT4G09160,AT2G46640,AT1G45229,,
422,AT2G05300,AT4G32460,,AT5G17920,AT5G06730,AT5G12030,,
423,AT5G01740,AT5G41060,,AT2G44130,AT3G01750,AT2G36120,,
424,AT4G30410,AT3G02240,,AT2G47630,AT5G23020,AT3G11700,,
425,AT5G01210,AT1G51580,,AT5G59845,AT1G07410,AT3G14200,,
426,AT3G50340,AT1G02340,,AT1G29430,AT5G25370,AT2G43620,,
427,AT2G29300,AT5G37550,,AT2G47560,AT1G02850,AT1G69080,,
428,AT3G16920,ATCG00070,,AT5G06480,AT2G32190,AT2G01190,,
429,AT2G05510,AT2G29460,,AT4G17680,AT2G02120,AT3G10985,,
430,AT1G20015,AT5G15780,,AT2G47440,AT1G59710,ATMG01090,,
431,AT3G62570,AT2G46780,,AT4G25200,AT4G27970,AT3G60910,,
432,AT4G13290,AT2G12400,,AT1G23120,AT1G69070,AT3G02110,,
433,AT1G16390,AT5G01210,,AT3G03820,AT3G54400,AT5G58340,,
434,AT5G18030,AT3G50340,,AT4G03190,AT2G35742,AT3G52720,,
435,AT5G06280,AT1G55040,,AT1G79620,AT2G18690,AT2G15020,,
436,AT5G64552,AT3G09405,,AT3G51895,AT5G43540,AT1G13080,,
437,AT2G37060,AT1G76690,,AT5G14840,AT3G57740,AT4G09460,,
438,AT5G40250,AT5G41140,,AT1G76650,AT1G43910,AT3G53100,,
439,AT1G67650,AT3G62570,,AT2G32120,AT2G24540,AT3G63088,,
440,AT5G57560,AT3G11550,,AT5G14920,AT1G75780,AT1G69490,,
441,AT1G55960,AT3G48700,,AT1G11000,AT2G26710,AT1G01920,,
442,AT1G53540,AT5G18030,,AT4G08360,AT1G01580,AT1G11270,,
443,AT2G32340,AT4G25560,,AT1G55310,AT1G80130,AT2G07707,,
444,AT2G28780,AT2G47160,,AT2G47180,AT1G56320,AT5G43330,,
445,AT4G19170,AT5G40090,,AT5G64330,AT4G12320,AT1G35660,,
446,AT5G66310,AT2G45290,,AT1G09180,AT4G21310,AT5G58360,,
447,AT5G14780,AT2G28780,,AT3G50570,AT3G57940,AT2G34490,,
448,AT2G41170,AT5G13700,,AT1G59730,AT3G52680,AT4G15710,,
449,AT5G08770,AT2G41170,,AT1G52280,AT4G13750,AT5G03990,,
450,AT1G09570,AT3G01513,,AT3G04350,AT3G07000,ATMG00180,,
451,AT4G25780,AT5G63650,,AT1G78970,AT5G62040,AT2G20670,,
452,AT1G65970,AT1G09570,,AT1G58070,AT5G35995,AT3G06750,,
453,AT1G53785,AT3G47980,,AT5G44670,AT3G61460,AT5G05430,,
454,AT1G65500,AT3G18850,,AT4G12090,AT2G36100,AT1G18330,,
455,AT1G72820,AT4G28040,,AT3G53880,AT1G28685,AT4G19530,,
456,AT5G15290,AT2G20835,,AT1G12080,AT1G27620,AT2G33810,,
457,AT3G06125,AT2G22860,,AT2G24762,AT1G02400,AT1G26208,,
458,AT2G45450,ATMG00516,,AT5G64510,AT1G76610,AT3G04740,,
459,AT5G07000,AT1G30515,,AT3G20640,AT3G28300,AT3G55240,,
460,AT2G44500,AT3G13950,,AT3G57157,AT1G63730,AT3G17100,,
461,AT4G20870,AT2G44500,,AT2G47200,AT5G52310,AT1G58150,,
462,AT5G46730,AT1G32385,,AT1G29440,AT2G47060,AT5G40020,,
463,AT5G66590,AT1G30510,,AT3G09405,AT1G56550,AT1G23052,,
464,AT3G23635,AT5G53980,,AT3G24500,AT1G75490,AT3G06125,,
465,AT2G18150,AT5G22500,,AT1G17460,AT3G13610,AT3G02370,,
466,AT5G50335,AT3G23635,,AT1G04430,AT3G23090,AT3G26510,,
467,AT1G78060,AT1G21830,,AT1G67590,AT5G22310,ATMG00590,,
468,AT4G28240,AT5G23155,,AT5G05690,AT1G04610,AT1G76460,,
469,AT2G38120,AT2G36080,,AT2G32300,AT1G67148,AT1G26800,,
470,AT2G18010,AT5G42180,,AT3G20083,AT1G64760,AT2G35880,,
471,AT1G72230,AT2G18010,,AT5G53980,AT1G17700,AT1G76500,,
472,AT5G58770,AT1G72230,,AT3G08970,AT4G09300,AT3G26450,,
473,AT1G31770,AT1G44800,,AT2G02820,AT5G08260,AT3G16910,,
474,AT3G47347,AT1G31770,,AT5G03545,AT1G53700,AT5G42445,,
475,AT3G47340,AT3G50800,,AT5G44980,AT2G47160,AT3G07350,,
476,AT5G39860,AT5G53815,,AT3G10113,AT1G78570,AT2G07811,,
477,AT5G13490,AT5G39860,,AT5G25110,AT1G15310,ATMG00690,,
478,AT3G51220,AT2G18380,,AT5G02200,AT5G14700,AT3G04730,,
479,AT5G45820,AT2G41820,,AT5G53144,AT1G68825,AT5G37670,,
480,AT2G33060,AT5G57770,,AT1G68862,AT5G01730,AT4G10310,,
481,AT1G78490,AT1G78490,,AT5G11540,AT5G26270,AT1G30760,,
482,AT1G69490,AT2G43670,,AT1G67050,AT1G63300,AT4G24450,,
483,AT2G40610,AT2G40610,,AT1G35140,AT5G14130,AT4G00380,,
484,AT3G29670,AT4G18630,,AT5G03150,ATCG00530,AT5G65730,,
485,AT4G13340,AT4G37730,,AT1G53500,AT3G16340,AT5G20270,,
486,AT1G70985,AT1G70985,,AT5G44350,AT3G55740,AT3G62720,,
487,AT3G30180,AT3G30180,,AT3G25190,AT3G16610,AT3G21720,,
488,AT1G70980,ATMG00060,,AT3G53310,AT4G24510,ATMG01000,,
489,AT5G25490,AT3G07425,,AT1G64500,AT3G24255,AT3G03450,,
490,AT1G25230,AT4G35720,,AT1G29195,AT5G24655,AT3G44310,,
491,AT3G28160,AT1G25230,,AT1G12013,AT1G12110,AT2G43060,,
492,AT5G02020,AT5G13790,,AT4G22840,AT4G24265,AT4G39480,,
493,AT3G49160,AT4G12740,,AT3G53250,AT1G18610,AT3G46450,,
494,AT2G21540,AT3G49160,,AT2G37030,AT5G37790,AT3G17626,,
495,AT4G38700,AT2G21540,,AT3G54500,AT5G10890,AT3G54260,,
496,AT1G71990,AT5G54790,,AT1G70940,AT3G61680,AT4G17250,,
497,AT5G12110,AT3G61750,,AT3G13437,ATCG00030,AT1G23020,,
498,AT1G76960,AT1G10682,,AT1G20470,AT2G39450,AT2G36490,,
499,AT2G07042,AT2G44910,,ATCG00530,AT2G26530,ATMG00250,,
500,AT1G53690,AT1G65310,,AT2G40270,AT2G34070,AT3G13965,,
501,AT4G10150,AT5G07010,,AT3G15670,AT1G14370,AT5G66460,,
502,AT2G14900,AT2G33380,,AT1G75030,AT4G33010,AT5G59440,,
503,AT3G10113,AT5G58550,,AT4G32480,AT1G76160,AT1G71696,,
504,AT1G14480,AT2G14900,,AT1G65920,AT4G21890,AT3G21805,,
505,AT2G32150,AT2G34260,,AT1G80520,AT4G11890,AT5G48920,,
506,AT2G45920,AT5G02750,,AT1G63295,AT1G31580,AT4G18580,,
507,AT4G15765,AT5G63820,,AT3G01970,AT3G08040,AT1G58030,,
508,AT3G20540,AT1G14480,,AT1G80280,AT1G14870,AT5G02230,,
509,AT4G15760,AT5G63790,,AT2G46640,AT1G06350,AT3G28160,,
510,AT3G13520,AT2G37530,,AT5G06730,AT2G39220,AT5G47610,,
511,AT5G06970,AT5G59090,,AT3G01750,AT1G11000,AT4G21320,,
512,AT1G69600,AT1G11080,,AT4G21890,AT1G21840,AT1G30500,,
513,AT4G38825,AT1G55265,,AT5G10605,AT1G04430,AT1G27410,,
514,AT3G12710,AT3G12710,,AT1G10800,AT3G23810,AT5G62490,,
515,AT3G05910,AT1G13590,,AT1G07410,AT3G47400,AT1G78110,,
516,AT5G13170,AT1G29020,,AT1G76460,AT1G79460,AT5G21970,,
517,AT4G23870,AT5G13170,,AT3G06990,AT4G09890,AT2G21185,,
518,AT4G09160,AT1G07119,,AT3G01470,AT3G55060,AT5G39850,,
519,AT1G20620,AT4G38770,,AT4G27970,AT1G49860,AT5G65380,,
520,AT5G62220,AT4G09160,,AT4G13280,AT5G02190,AT5G02560,,
521,AT3G13277,AT4G37553,,AT2G07774,AT4G05110,AT2G31110,,
522,AT2G44130,AT5G17920,,AT3G53403,AT5G41400,AT4G28390,,
523,AT1G07440,AT5G62220,,AT3G05890,AT1G14080,AT1G45015,,
524,AT5G18340,AT2G32560,,AT2G07777,AT4G31590,AT3G58930,,
525,AT4G26990,AT5G13330,,AT5G02490,AT5G65320,AT5G67430,,
526,AT1G29430,AT4G26990,,AT1G43910,AT2G23200,AT2G27580,,
527,AT2G47560,AT1G29430,,AT2G07671,AT2G47750,AT1G75100,,
528,AT2G47440,AT2G47560,,AT2G24540,AT1G13430,AT5G66040,,
529,AT4G21650,AT5G06480,,AT1G75780,AT4G36060,AT1G07350,,
530,AT3G59930,AT4G17680,,AT5G06930,AT1G03820,AT4G23493,,
531,AT4G25200,AT4G38400,,AT2G26710,AT5G59010,AT1G65500,,
532,AT5G60850,AT5G01180,,AT5G12030,AT5G10230,AT1G20620,,
533,AT5G19190,AT3G25717,,AT5G02810,AT3G60420,AT4G00720,,
534,AT5G08600,AT4G39955,,AT1G80130,AT5G50915,AT5G25280,,
535,AT1G24148,AT2G21320,,AT3G14200,AT3G28340,AT1G67365,,
536,AT1G23120,AT3G03820,,AT2G43620,AT1G69810,AT1G66180,,
537,AT3G03820,AT3G15095,,AT2G28270,AT4G10940,AT1G14700,,
538,AT1G61275,AT4G16610,,AT3G10985,AT4G14750,AT4G31730,,
539,AT1G79620,AT5G45275,,AT4G21310,AT5G41040,AT1G03410,,
540,AT1G68862,AT1G62920,,AT3G13980,AT3G22820,AT5G07330,,
541,AT3G51895,AT3G28180,,AT4G23493,AT5G38280,AT2G26150,,
542,AT4G38860,AT4G18290,,AT5G58340,AT2G39830,ATMG00780,,
543,AT4G25800,AT1G62840,,AT3G52720,AT4G15450,AT3G23510,,
544,AT5G14840,AT4G38860,,AT3G07000,AT4G08770,AT5G55410,,
545,AT2G32120,AT5G49120,,AT5G62040,AT2G42540,AT2G07747,,
546,AT2G07826,AT1G76650,,AT3G61460,AT1G35830,AT4G32670,,
547,AT3G57410,AT2G21100,,AT2G21200,AT2G04780,AT3G05900,,
548,AT4G08360,AT2G07826,,AT2G11891,AT5G38770,AT5G51390,,
549,AT1G55310,AT1G08430,,AT5G62280,AT1G30935,AT2G42620,,
550,AT2G47180,ATCG00220,,AT3G53100,AT1G69880,AT2G23985,,
551,AT5G38200,AT2G30210,,AT1G45229,AT5G35110,AT4G27260,,
552,AT1G09180,AT4G34770,,AT1G01920,AT4G17280,AT1G13050,,
553,AT3G50570,AT1G75590,,AT1G11270,AT3G60390,AT1G47980,,
554,AT5G22860,AT1G67570,,AT2G07707,AT5G47380,AT1G22640,,
555,AT3G04350,AT4G29310,,AT3G28300,AT3G51060,AT3G28860,,
556,AT1G78970,AT5G38200,,AT2G34490,AT1G68850,AT5G15210,,
557,AT1G58070,AT1G09180,,AT2G37060,AT5G45280,AT1G48320,,
558,AT5G22580,AT1G59730,,AT1G36940,AT1G17180,AT5G08220,,
559,AT5G04190,AT1G52280,,ATMG00180,AT3G49820,AT1G48750,,
560,AT2G17650,AT1G75450,,AT1G75490,AT3G16890,AT4G17440,,
561,AT1G12080,AT1G78970,,AT2G38090,AT5G56230,AT1G02390,,
562,AT2G24762,AT5G22580,,AT3G06750,AT3G41761,AT5G47000,,
563,AT5G64510,AT5G04190,,AT5G22310,AT4G22840,AT1G10740,,
564,AT3G12120,AT5G44670,,AT1G04610,AT1G03200,AT1G27670,,
565,AT1G29440,AT4G12090,,AT4G19530,AT1G53635,AT3G50560,,
566,AT4G36850,AT3G53880,,AT1G26208,AT1G76620,AT4G24700,,
567,AT3G24500,AT1G12080,,AT3G55240,AT1G62260,AT5G05290,,
568,AT1G17460,AT4G15340,,AT3G17100,AT2G42530,AT1G69600,,
569,AT2G31110,AT1G04240,,AT5G08260,AT3G54040,AT3G19620,,
570,AT1G67590,AT5G36925,,AT1G53700,AT3G55840,AT1G22160,,
571,AT5G05690,AT5G05850,,AT3G59900,AT1G79320,AT1G06570,,
572,AT3G19380,AT1G01200,,AT1G73780,AT5G17780,AT5G44660,,
573,AT2G32300,AT3G20640,,AT3G06125,AT1G17170,AT5G64170,,
574,AT3G20083,AT3G57157,,AT1G78570,AT4G30280,AT1G62510,,
575,AT5G53980,AT2G47200,,AT3G02370,AT5G36910,AT5G15850,,
576,AT3G08970,AT1G29440,,AT3G26510,AT5G20230,AT3G24100,,
577,AT2G21430,AT3G03520,,ATMG00590,AT3G14440,AT3G53830,,
578,AT5G03150,AT1G59850,,AT2G38480,AT2G47270,AT2G29340,,
579,AT5G03545,AT3G19380,,AT3G21330,AT3G46490,AT4G38932,,
580,AT2G39310,AT2G32300,,AT4G25780,AT3G14560,AT5G62100,,
581,AT5G25110,AT5G15290,,AT1G05820,AT2G26570,AT1G79760,,
582,AT2G06850,AT2G27660,,AT5G14700,AT3G59220,AT3G26520,,
583,AT3G16770,AT5G01740,,AT5G42445,AT1G23060,AT1G26780,,
584,AT5G02200,ATCG01100,,AT3G42800,AT3G24450,AT2G45400,,
585,AT5G53144,AT2G02820,,AT1G15050,AT1G21830,AT4G26288,,
586,AT2G42040,AT5G03150,,AT2G07811,AT5G49380,AT1G64720,,
587,AT2G22980,AT3G27070,,ATMG00690,AT1G68360,AT1G73190,,
588,AT5G11540,AT5G44980,,AT5G26270,AT2G35850,AT1G01430,,
589,AT1G67050,AT1G31280,,AT5G37670,AT4G31000,AT4G15800,,
590,AT1G35140,AT2G06850,,AT4G10310,AT3G05490,AT3G59690,,
591,AT5G47830,AT2G22821,,AT5G14130,AT4G30060,AT4G27640,,
592,AT5G63190,AT2G39130,,AT4G08300,AT1G05700,AT3G57400,,
593,AT1G14120,AT3G06890,,AT3G49780,AT2G22830,AT5G66480,,
594,AT4G25760,AT1G60270,,AT3G16340,ATCG00360,AT1G14520,,
595,AT1G04560,AT5G11540,,AT3G62720,ATCG00280,AT4G02540,,
596,AT5G67430,AT1G67050,,AT5G42040,AT1G04650,AT3G62070,,
597,AT3G53310,AT1G35140,,AT5G24655,AT5G41900,AT1G19396,,
598,AT1G14280,AT5G56080,,AT3G03450,AT2G04040,AT2G46250,,
599,AT4G01593,AT2G37580,,AT1G73120,AT5G11110,AT2G25090,,
600,AT1G12013,AT3G49110,,AT3G44310,AT1G09812,AT2G25095,,
601,AT4G02005,AT3G22600,,AT1G18610,AT4G16610,AT3G19470,,
602,AT3G62040,AT5G49370,,AT4G39480,AT2G15490,AT1G49320,,
603,AT3G53250,AT3G20340,,AT5G37790,AT5G07110,AT5G03285,,
604,AT2G37030,AT5G44350,,AT3G17626,AT3G44990,AT1G18620,,
605,AT3G54500,AT3G25190,,AT5G10890,AT4G19690,AT4G36520,,
606,AT1G64500,AT3G53310,,AT2G36490,AT2G43290,AT3G49580,,
607,AT1G73165,AT2G36885,,AT3G61680,AT1G05680,AT5G44190,,
608,AT5G16600,AT2G32990,,ATCG00030,AT4G22850,AT3G47340,,
609,AT1G70940,AT1G29195,,AT3G13965,AT2G37040,AT5G19875,,
610,AT3G13437,AT1G12013,,AT5G66460,AT5G13330,AT5G23750,,
611,AT1G20470,AT1G29660,,AT4G29310,AT5G09350,AT2G46810,,
612,AT3G27630,AT3G62040,,AT3G28340,AT4G21390,AT4G21880,,
613,AT3G15670,AT3G53250,,AT2G34070,AT5G59530,AT4G28270,,
614,AT3G61800,AT1G78450,,AT1G14370,AT5G09978,AT3G10740,,
615,AT4G32480,AT5G11100,,AT5G23155,AT5G59240,AT5G49700,,
616,AT1G78750,AT2G20750,,AT4G11890,AT1G12090,AT2G35820,,
617,ATMG01370,AT5G20730,,AT2G42800,AT2G45470,AT5G45820,,
618,AT1G63295,AT1G70940,,AT1G73830,AT2G34020,AT4G13290,,
619,AT3G01970,AT5G12020,,AT3G08040,AT3G48610,AT5G08185,,
620,AT4G16515,AT2G40270,,AT5G47610,AT2G39010,AT4G27860,,
621,AT1G10800,AT4G20230,,AT5G12940,AT5G47540,AT2G26110,,
622,AT4G33660,AT1G75030,,AT1G27410,AT5G45950,AT1G30570,,
623,AT3G49570,AT5G66390,,AT2G39220,AT1G05420,AT3G05250,,
624,AT3G06990,AT5G25380,,AT2G36080,ATCG00710,AT3G45160,,
625,AT2G45960,AT1G65920,,AT5G39850,AT1G11540,AT5G27660,,
626,AT3G01470,AT1G78750,,AT1G44970,AT2G29480,AT2G07663,,
627,AT1G23970,AT1G14540,,AT1G21840,AT5G46240,AT5G58590,,
628,AT2G07774,AT1G21980,,AT5G55410,AT4G29990,AT5G57550,,
629,AT3G53403,AT1G63420,,AT2G31110,AT4G35720,AT1G47655,,
630,AT3G05890,AT1G80280,,AT5G18050,AT4G39320,AT3G50980,,
631,AT2G07777,AT2G46640,,AT3G58930,AT3G06590,AT3G14620,,
632,AT4G15550,AT5G06730,,AT5G67430,AT1G76470,AT5G66170,,
633,AT5G02490,AT1G01190,,AT5G41040,ATMG00060,AT5G14390,,
634,AT5G47370,AT4G39670,,AT1G72490,AT2G18193,AT1G56720,,
635,AT2G07671,AT4G16515,,AT3G55060,AT1G13480,AT1G48130,,
636,AT5G09540,AT5G10605,,AT1G59850,AT4G14940,AT5G52640,,
637,AT1G62280,AT1G10800,,AT5G41400,AT2G41480,AT4G20880,,
638,AT4G14930,AT1G07410,,AT1G14080,AT5G14360,AT5G16600,,
639,AT1G44830,AT5G25370,,AT5G66040,AT4G04940,AT3G13857,,
640,AT4G18670,AT1G02850,,AT3G02110,AT4G36230,AT4G30960,,
641,AT2G36040,AT2G32190,,AT4G31590,AT5G63450,AT2G30550,,
642,AT5G12030,AT2G02120,,AT5G10100,AT5G25380,AT1G28670,,
643,AT5G02810,AT3G01470,,AT3G16910,AT4G12880,AT2G19310,,
644,AT3G11700,AT2G44690,,AT2G23200,AT1G18970,AT2G23110,,
645,AT3G14200,AT4G27970,,AT5G38770,AT3G63375,AT4G08290,,
646,AT2G43620,AT3G50460,,AT4G00720,AT4G39670,AT3G26445,,
647,AT5G20240,AT1G69070,,AT2G29480,AT3G09600,AT4G33490,,
648,AT1G69080,AT3G05890,,AT2G47750,AT5G64780,AT5G54585,,
649,AT2G01190,AT3G54400,,AT5G25280,AT3G09290,AT1G11260,,
650,AT3G10985,AT2G35742,,AT1G13430,AT2G43870,AT5G23860,,
651,AT2G33570,AT2G18690,,AT4G36060,AT5G24380,AT2G07718,,
652,ATMG01090,AT5G43540,,AT1G67365,AT5G43860,AT4G27450,,
653,AT3G60910,AT3G57740,,AT1G66180,AT1G71870,AT5G51200,,
654,AT3G13980,AT1G43910,,AT1G14700,AT3G26840,AT1G24260,,
655,AT3G16240,AT1G62280,,AT1G72820,AT5G23190,AT2G43375,,
656,AT5G58340,AT2G24540,,AT1G03410,AT4G30320,AT2G20560,,
657,AT2G27930,AT1G44830,,AT5G10625,AT1G21140,AT4G23670,,
658,AT2G40711,AT1G75780,,AT2G26150,AT1G62380,AT1G69780,,
659,AT2G15020,AT4G28290,,AT5G50915,AT4G19130,AT2G38080,,
660,AT1G13080,AT2G26710,,AT3G23510,AT1G74770,AT2G23180,,
661,AT2G21200,AT1G01580,,AT2G42540,AT3G54120,AT3G17110,,
662,AT4G09460,AT1G80130,,AT4G32670,AT1G67900,AT3G16050,,
663,AT5G62280,AT5G67060,,AT3G22820,AT5G10580,AT1G70980,,
664,AT5G58590,AT2G21220,,AT4G15450,AT2G12462,AT5G01930,,
665,AT3G26220,AT1G56320,,AT4G08770,AT2G44690,AT5G10180,,
666,AT3G53100,AT2G18193,,AT3G22620,AT3G55900,AT3G53230,,
667,AT3G63088,AT4G21310,,AT4G39840,AT1G70690,AT1G03760,,
668,AT1G45229,AT3G57940,,AT2G18480,AT5G57670,AT5G27360,,
669,AT1G01920,AT3G13980,,AT2G04780,ATCG00070,AT1G20920,,
670,AT1G11270,AT4G13750,,AT4G27260,AT2G32210,AT5G62020,,
671,AT2G07707,AT4G39400,,AT1G13050,AT3G03110,AT2G39310,,
672,AT5G43330,AT2G27930,,AT2G44080,AT2G47000,AT2G30480,,
673,AT1G35660,AT4G31590,,AT1G47980,AT5G60290,AT4G33666,,
674,AT5G58360,AT5G62040,,AT1G22640,AT5G02850,AT4G08950,,
675,AT2G34490,AT2G40711,,AT5G63650,AT3G29575,AT1G23970,,
676,AT3G24715,AT5G35995,,AT4G17280,AT1G74458,AT2G07807,,
677,AT4G32280,AT3G61460,,AT3G60390,AT2G23590,AT3G17185,,
678,AT1G36940,AT2G36100,,AT3G09710,AT4G30020,AT1G21520,,
679,AT2G27580,AT2G21200,,AT1G48320,AT2G39980,AT5G06470,,
680,AT2G20670,AT2G11891,,AT3G51060,AT3G55970,AT3G26230,,
681,AT2G38090,AT1G28685,,AT5G44050,AT5G15150,AT2G07808,,
682,AT3G06750,AT4G33420,,AT5G60650,AT1G69530,AT1G21680,,
683,AT5G51440,AT1G27620,,AT1G48750,,,,
684,AT5G05430,AT3G22945,,AT4G17440,,,,
685,AT1G18330,AT2G47880,,AT1G02390,,,,
686,AT4G19530,AT1G76610,,AT2G12462,,,,
687,AT2G23110,AT3G28300,,AT5G47000,,,,
688,AT1G26208,AT1G63730,,AT3G03830,,,,
689,AT5G06865,AT3G24715,,AT5G25190,,,,
690,AT5G18060,AT5G52310,,AT3G01550,,,,
691,AT3G04740,AT1G36940,,AT1G64400,,,,
692,AT3G55240,AT1G56550,,AT1G27670,,,,
693,AT3G17100,AT1G75490,,AT3G50560,,,,
694,AT5G40020,AT2G38090,,AT2G43670,,,,
695,AT3G59900,AT3G23090,,AT5G16370,,,,
696,AT1G23052,AT5G22310,,AT1G76620,,,,
697,AT3G03870,AT1G68850,,AT5G05290,,,,
698,AT2G26220,AT1G67148,,AT1G62260,,,,
699,AT3G02370,AT1G64760,,AT3G54040,,,,
700,AT3G26510,AT1G17700,,AT5G17780,,,,
701,AT5G51670,AT4G09300,,AT1G17170,,,,
702,ATMG00590,AT3G09290,,AT1G22160,,,,
703,AT1G76460,AT5G53090,,AT1G06570,,,,
704,AT1G26800,AT1G53700,,AT5G44660,,,,
705,AT2G35880,AT3G59900,,AT5G20230,,,,
706,AT1G76500,AT1G73780,,AT5G64170,,,,
707,AT3G21330,AT2G26220,,AT1G62510,,,,
708,AT3G16910,AT1G64400,,AT3G24100,,,,
709,AT5G57780,AT2G38480,,AT1G29450,,,,
710,AT1G05820,AT3G21330,,AT3G26539,,,,
711,AT5G42445,AT1G05820,,AT2G47270,,,,
712,AT3G42800,AT5G14700,,AT3G46490,,,,
713,AT1G15050,AT3G42800,,AT3G14560,,,,
714,AT2G07811,AT1G09460,,AT2G18969,,,,
715,ATMG00690,AT5G01730,,AT2G26570,,,,
716,AT3G04730,AT5G26270,,AT1G05700,,,,
717,AT5G37670,AT5G57560,,AT5G03960,,,,
718,AT2G46610,AT1G63300,,AT3G24450,,,,
719,AT1G30760,AT5G14130,,AT3G45140,,,,
720,AT5G02760,AT5G60860,,AT5G23020,,,,
721,AT4G24450,AT5G03960,,AT1G79760,,,,
722,AT5G03960,ATCG00530,,AT1G26780,,,,
723,AT3G49780,AT3G20380,,AT2G35850,,,,
724,AT3G20380,AT2G46750,,AT3G05490,,,,
725,AT2G46750,AT3G16340,,AT4G26288,,,,
726,AT3G62720,AT3G55740,,AT1G64720,,,,
727,AT3G21720,AT3G16610,,AT5G01600,,,,
728,ATMG01000,AT4G24510,,AT1G64640,,,,
729,AT3G03450,AT3G24255,,AT3G59690,,,,
730,AT1G73120,AT5G24655,,AT4G27640,,,,
731,AT3G44310,AT1G73120,,AT2G40900,,,,
732,AT2G43060,AT4G24265,,AT3G57400,,,,
733,AT4G39480,AT5G59240,,AT4G15165,,,,
734,AT3G46450,AT1G18610,,AT1G09812,,,,
735,AT3G17626,AT5G65710,,AT3G56200,,,,
736,AT3G54260,AT1G04680,,AT5G07110,,,,
737,AT4G17250,AT1G53708,,AT5G45740,,,,
738,AT1G23020,AT5G10890,,AT4G02540,,,,
739,AT2G36490,AT4G24430,,AT1G16400,,,,
740,ATMG00250,AT3G61680,,AT2G46250,,,,
741,AT3G13965,AT5G24070,,AT2G25090,,,,
742,AT5G66460,ATCG00030,,AT2G43290,,,,
743,AT5G59440,AT2G39450,,AT2G25095,,,,
744,AT1G71696,AT2G26530,,AT4G22850,,,,
745,AT5G66040,AT5G59510,,AT1G49320,,,,
746,AT3G21805,AT2G34070,,AT4G31910,,,,
747,AT5G48920,AT1G14370,,AT2G37040,,,,
748,AT5G06200,AT5G06200,,AT2G43050,,,,
749,AT4G18580,AT4G33010,,AT5G13330,,,,
750,AT1G58030,AT1G76160,,AT3G50800,,,,
751,AT5G02230,AT4G21890,,AT4G21390,,,,
752,AT1G73830,AT4G11890,,AT2G16367,,,,
753,AT1G65310,AT1G73830,,AT1G56550,,,,
754,AT5G07010,AT1G31580,,AT5G15210,,,,
755,AT5G47610,AT3G08040,,AT2G28670,,,,
756,AT4G19820,AT1G14870,,AT1G14280,,,,
757,AT1G30500,AT1G06350,,AT4G21880,,,,
758,AT1G27410,AT5G59845,,AT5G59530,,,,
759,AT5G59845,AT2G39220,,AT3G10740,,,,
760,AT1G78110,AT1G11000,,AT1G12090,,,,
761,AT5G21970,AT1G44970,,AT2G35820,,,,
762,AT2G21185,AT1G21840,,AT1G09250,,,,
763,AT5G05420,AT1G65490,,AT5G45820,,,,
764,AT1G44970,AT1G04430,,AT4G13290,,,,
765,AT5G65380,AT5G18050,,AT5G45950,,,,
766,AT1G65490,AT3G23810,,AT4G27860,,,,
767,AT5G55410,AT3G47400,,AT2G20835,,,,
768,AT1G49200,AT1G79460,,AT1G11540,,,,
769,AT5G18050,AT4G09890,,AT1G78060,,,,
770,AT4G28390,AT3G55060,,AT1G11545,,,,
771,AT4G32670,AT1G74770,,AT1G30570,,,,
772,AT1G45015,AT5G02190,,AT4G29990,,,,
773,AT3G58930,AT4G05110,,AT4G35720,,,,
774,AT1G70830,AT5G41400,,AT3G06590,,,,
775,AT4G28290,AT1G14080,,AT5G54510,,,,
776,AT4G08040,AT3G19200,,AT2G07663,,,,
777,AT1G75100,AT3G07000,,AT4G34530,,,,
778,AT5G25140,AT3G54120,,AT5G58590,,,,
779,AT1G07350,AT5G65320,,AT5G45280,,,,
780,AT3G02110,AT3G06990,,AT3G50980,,,,
781,AT3G18850,AT2G23200,,AT3G14620,,,,
782,AT4G00720,AT2G47750,,AT4G04940,,,,
783,AT5G25280,AT1G13430,,AT5G52640,,,,
784,AT1G67365,AT4G36060,,AT4G12880,,,,
785,AT1G66180,AT1G03820,,AT1G17180,,,,
786,AT1G14700,AT5G59010,,AT3G63375,,,,
787,AT4G31730,AT5G10230,,AT5G16600,,,,
788,AT1G03410,AT5G02760,,AT4G39670,,,,
789,AT5G07330,AT3G60420,,AT5G64780,,,,
790,AT5G10625,AT5G10625,,AT4G16610,,,,
791,AT2G26150,AT5G10580,,AT3G13857,,,,
792,ATMG00780,AT5G50915,,AT4G21320,,,,
793,AT3G23510,AT3G28340,,AT2G30550,,,,
794,AT5G02560,AT1G69810,,AT5G16110,,,,
795,AT2G07747,AT4G10940,,AT5G24070,,,,
796,AT3G07350,AT4G14750,,AT2G40610,,,,
797,AT3G05900,AT5G41040,,AT3G26840,,,,
798,AT5G51390,AT3G22820,,AT5G20450,,,,
799,AT5G39160,AT5G38280,,AT4G30320,,,,
800,AT4G37890,AT2G39830,,AT1G21140,,,,
801,AT2G18480,AT4G15450,,AT5G54585,,,,
802,AT2G42620,AT4G08770,,AT1G11260,,,,
803,AT2G23985,AT2G42540,,AT1G74670,,,,
804,AT4G27260,AT3G53403,,AT2G07718,,,,
805,AT1G13050,AT4G37890,,AT5G12250,,,,
806,AT2G44080,AT1G35830,,AT5G51200,,,,
807,AT1G47980,AT2G18480,,AT1G74770,,,,
808,AT5G66080,AT2G04780,,AT1G24260,,,,
809,AT1G22640,AT5G38770,,AT1G65370,,,,
810,AT5G63650,AT2G44080,,AT2G42900,,,,
811,AT3G28860,AT1G30935,,AT2G43375,,,,
812,AT4G39400,AT1G69880,,AT1G70270,,,,
813,AT1G48320,AT5G35110,,AT2G38080,,,,
814,AT3G44610,AT5G07000,,AT3G17110,,,,
815,AT5G08220,AT4G17280,,AT4G39400,,,,
816,AT5G54080,AT3G60390,,AT3G16050,,,,
817,AT5G18010,AT5G47380,,AT5G57670,,,,
818,AT3G15540,AT3G55900,,AT3G58850,,,,
819,AT1G48750,AT3G50845,,AT1G75500,,,,
820,AT1G47655,AT3G51060,,AT5G10180,,,,
821,AT1G02390,AT5G44050,,AT5G27360,,,,
822,AT5G47000,AT5G62170,,AT1G20920,,,,
823,AT3G03830,AT3G15540,,AT5G62020,,,,
824,AT5G25190,AT5G45280,,AT5G61455,,,,
825,AT1G10740,AT5G57670,,AT2G30480,,,,
826,AT4G14130,AT1G17180,,AT4G01680,,,,
827,AT1G27670,AT3G03830,,AT3G29575,,,,
828,AT2G25220,AT5G25190,,AT1G74458,,,,
829,ATCG00210,AT5G15580,,AT5G13790,,,,
830,AT3G50560,AT3G16890,,AT4G28720,,,,
831,AT4G24700,AT5G56230,,AT4G30020,,,,
832,AT5G16370,AT3G41761,,AT3G50900,,,,
833,AT5G39190,AT2G25220,,AT1G52750,,,,
834,AT5G05290,AT4G16690,,AT1G23970,,,,
835,AT4G25260,ATCG00340,,AT2G07807,,,,
836,AT2G38600,AT1G53635,,AT3G17185,,,,
837,AT3G19620,AT4G13260,,AT3G55970,,,,
838,AT5G65890,AT1G76620,,AT1G21520,,,,
839,AT5G09805,AT1G62260,,AT5G15150,,,,
840,AT1G22160,AT2G42530,,AT2G21540,,,,
841,AT1G06570,AT2G38600,,AT2G07808,,,,
842,AT4G32350,AT3G54040,,AT1G21680,,,,
843,AT3G47510,AT3G55840,,AT4G40010,,,,
844,AT1G62510,AT1G79320,,AT1G14642,,,,
845,AT4G15330,AT5G09805,,AT4G11660,,,,
846,AT1G74310,AT3G28740,,AT2G39180,,,,
847,AT3G24100,AT1G17170,,AT4G11780,,,,
848,AT1G29450,AT2G40000,,AT3G16370,,,,
849,AT3G53830,AT4G30280,,AT4G24275,,,,
850,AT3G55230,AT5G36910,,AT1G53560,,,,
851,AT4G38932,AT4G32350,,AT5G04370,,,,
852,AT5G62100,AT2G38540,,AT3G59350,,,,
853,AT4G21730,ATCG00870,,AT3G03500,,,,
854,AT5G62170,AT4G15330,,AT1G10682,,,,
855,AT1G79760,AT1G74310,,AT1G67570,,,,
856,AT3G26520,AT1G29450,,AT3G55580,,,,
857,AT1G26780,AT3G14440,,AT2G35210,,,,
858,AT2G45400,AT2G47270,,AT1G19610,,,,
859,AT4G26288,AT3G46490,,AT1G61100,,,,
860,AT1G64720,AT3G14560,,AT1G72840,,,,
861,AT1G73190,AT2G18969,,AT3G48790,,,,
862,AT5G01600,AT2G26570,,AT4G35470,,,,
863,AT4G15800,AT3G59220,,AT4G25950,,,,
864,AT1G64640,AT1G18710,,AT1G72430,,,,
865,AT3G59690,AT3G24450,,AT2G21390,,,,
866,AT4G27640,AT3G45140,,AT5G56850,,,,
867,AT2G40900,AT5G23020,,AT3G55840,,,,
868,AT3G57400,AT5G49380,,AT3G48260,,,,
869,AT5G66480,AT5G06930,,AT1G79320,,,,
870,AT1G33615,AT1G68360,,AT1G18970,,,,
871,AT4G00910,AT2G35850,,AT4G00820,,,,
872,AT5G45740,AT4G31000,,AT5G24580,,,,
873,AT4G02540,AT3G05490,,AT3G42658,,,,
874,AT1G15830,AT4G30060,,AT1G15415,,,,
875,AT1G19396,AT1G05700,,AT1G02700,,,,
876,AT3G29370,AT5G01600,,AT4G01430,,,,
877,AT1G16400,AT2G22830,,AT1G02660,,,,
878,AT2G46250,AT5G55950,,AT1G43020,,,,
879,AT2G25090,AT1G64640,,AT1G69690,,,,
880,AT1G04778,ATCG00280,,AT3G16570,,,,
881,AT2G25095,AT1G04650,,AT5G24030,,,,
882,AT3G29030,AT4G08555,,AT3G55720,,,,
883,AT3G17520,AT2G04040,,AT1G36060,,,,
884,AT3G19470,AT5G11110,,AT2G27420,,,,
885,AT1G49320,AT1G09812,,AT1G21910,,,,
886,AT4G31910,AT3G56200,,AT4G24972,,,,
887,AT5G03285,AT2G15490,,AT2G40000,,,,
888,AT1G18620,AT5G07110,,AT1G78476,,,,
889,AT1G69160,AT3G44990,,AT2G36630,,,,
890,AT4G36520,AT4G19690,,AT4G14860,,,,
891,AT3G49580,AT1G16400,,AT1G72690,,,,
892,AT2G16367,AT1G04778,,AT3G61820,,,,
893,AT5G67060,AT2G43290,,AT1G78478,,,,
894,AT3G58450,AT5G46330,,AT2G41230,,,,
895,AT5G19875,AT1G05680,,AT4G11960,,,,
896,AT5G15210,AT4G22850,,AT1G09890,,,,
897,AT4G15953,AT5G03552,,AT3G48080,,,,
898,AT5G19870,AT4G31910,,AT3G20340,,,,
899,AT4G21880,AT2G37040,,AT5G49630,,,,
900,AT4G28270,AT5G66562,,AT4G36570,,,,
901,AT1G33055,AT2G43050,,AT2G39430,,,,
902,AT5G49700,AT1G22910,,ATCG01190,,,,
903,AT2G35820,AT5G09350,,AT3G49220,,,,
904,AT1G09250,AT4G21390,,AT4G11280,,,,
905,AT5G18080,AT2G16367,,AT2G41540,,,,
906,AT2G41475,AT3G48450,,AT5G05180,,,,
907,AT2G19650,AT5G19870,,AT1G22370,,,,
908,AT4G27860,AT5G60290,,AT1G72060,,,,
909,AT2G20835,AT5G59530,,AT1G03545,,,,
910,AT2G26110,AT5G09978,,AT4G36430,,,,
911,AT1G11545,AT1G26945,,AT3G08570,,,,
912,AT1G30570,AT1G12090,,AT2G23010,,,,
913,AT1G27420,AT2G45470,,ATCG01010,,,,
914,AT5G54510,AT2G34020,,AT1G02400,,,,
915,AT3G45160,AT3G48610,,AT3G28220,,,,
916,AT5G27660,AT2G39010,,AT3G16400,,,,
917,AT2G07663,AT5G18080,,AT4G19170,,,,
918,AT4G34530,AT5G51890,,AT1G05065,,,,
919,AT2G40170,AT5G47540,,AT5G24105,,,,
920,AT1G01430,AT5G45950,,AT4G20090,,,,
921,AT4G17440,AT1G05420,,AT3G59060,,,,
922,AT3G50980,ATCG00710,,AT3G48920,,,,
923,AT3G14620,AT1G11540,,AT1G14890,,,,
924,AT5G66170,AT1G78060,,AT1G01448,,,,
925,AT5G10695,AT1G11545,,AT4G27310,,,,
926,AT1G56720,AT5G46240,,AT3G12820,,,,
927,AT1G48130,AT4G29990,,AT1G13040,,,,
928,AT5G52640,AT3G28220,,AT1G18400,,,,
929,AT4G20880,AT4G39320,,ATCG01270,,,,
930,AT5G10100,AT3G06590,,AT3G25717,,,,
931,AT5G10970,AT5G54510,,AT3G45730,,,,
932,AT2G23690,AT1G74458,,AT1G48100,,,,
933,AT3G13857,AT5G60650,,AT1G52827,,,,
934,AT3G23030,AT4G34530,,AT1G29510,,,,
935,AT4G30960,AT4G12320,,AT5G60860,,,,
936,AT2G30550,AT1G13480,,AT4G08780,,,,
937,AT4G13260,AT4G14940,,AT3G10000,,,,
938,AT1G28670,AT2G41480,,AT5G15850,,,,
939,AT5G06980,AT5G14360,,AT5G20730,,,,
940,AT2G19310,AT3G57700,,AT3G58620,,,,
941,AT2G33810,AT5G55730,,AT4G16515,,,,
942,AT5G22500,AT4G04940,,AT1G80440,,,,
943,AT4G08290,AT4G36230,,AT4G11211,,,,
944,AT3G22400,AT5G63450,,AT3G60420,,,,
945,AT3G26445,AT5G10970,,AT2G36120,,,,
946,AT2G20722,AT4G28720,,AT4G33740,,,,
947,AT5G20450,AT4G12880,,AT1G54200,,,,
948,AT4G33490,AT1G18970,,AT3G22961,,,,
949,AT5G54585,AT3G63375,,AT2G37340,,,,
950,AT1G11260,AT1G59710,,AT1G55330,,,,
951,AT5G23860,AT3G09600,,AT3G48600,,,,
952,AT1G74670,AT5G64780,,AT5G51440,,,,
953,AT2G07718,AT3G23030,,AT4G18780,,,,
954,AT5G16110,AT2G43870,,AT5G24210,,,,
955,AT1G77200,AT4G25260,,AT1G79460,,,,
956,AT4G27450,AT5G24380,,AT1G69570,,,,
957,AT5G12250,AT3G52680,,AT3G56960,,,,
958,AT5G51200,AT1G71870,,AT1G58370,,,,
959,AT3G52720,AT3G26840,,AT1G11080,,,,
960,AT1G24260,AT3G54510,,ATMG00990,,,,
961,AT1G65370,AT3G22400,,AT5G03552,,,,
962,AT2G42900,AT3G13610,,AT5G06590,,,,
963,AT2G43375,AT4G30320,,AT1G69600,,,,
964,AT2G20560,AT1G21140,,AT5G41800,,,,
965,AT1G70270,AT5G43860,,AT1G60030,,,,
966,AT4G23670,AT4G08685,,AT3G20100,,,,
967,AT1G69780,AT1G62380,,AT5G17165,,,,
968,AT2G38080,AT1G74670,,AT1G58150,,,,
969,AT2G23180,AT1G78340,,AT5G66310,,,,
970,AT3G17110,AT1G77200,,AT1G29465,,,,
971,AT1G64670,AT5G12250,,AT3G14450,,,,
972,AT3G16050,AT4G19130,,AT3G14452,,,,
973,AT5G66110,AT1G49860,,AT1G29460,,,,
974,AT5G01930,AT1G14460,,AT4G26290,,,,
975,AT3G58850,AT2G42900,,AT1G03200,,,,
976,AT1G75500,AT5G03890,,AT2G26560,,,,
977,AT5G06470,AT1G70270,,AT5G65890,,,,
978,AT1G25988,AT3G55970,,AT3G53830,,,,
979,AT5G25450,AT1G64670,,AT2G19660,,,,
980,AT5G39865,AT1G70690,,AT1G09310,,,,
981,AT1G77870,AT5G02200,,AT2G46790,,,,
982,AT1G03760,AT3G58850,,AT1G54050,,,,
983,AT1G52190,AT1G75500,,AT1G23060,,,,
984,AT5G27360,AT1G25988,,AT3G27250,,,,
985,AT1G20920,AT5G39865,,AT2G46810,,,,
986,AT5G62020,AT1G77870,,AT3G11430,,,,
987,AT5G61455,AT1G52190,,AT3G05250,,,,
988,AT2G33250,AT2G32210,,AT2G27370,,,,
989,AT3G03840,AT3G03110,,AT5G65710,,,,
990,AT2G30480,AT2G47000,,AT3G10720,,,,
991,AT4G01680,AT3G03840,,AT5G06980,,,,
992,AT4G16260,AT5G02850,,AT2G42380,,,,
993,AT4G18970,AT2G29480,,AT1G12780,,,,
994,AT4G33666,AT1G76470,,AT1G72140,,,,
995,AT4G28720,AT4G16260,,AT3G53230,,,,
996,AT5G13790,AT4G18970,,AT3G53232,,,,
997,AT1G52750,AT2G23590,,AT2G39980,,,,
998,AT2G07807,AT4G30020,,AT3G47510,,,,
999,AT3G17185,AT3G50900,,AT5G64660,,,,
1000,AT2G21830,AT1G52750,,AT5G13490,,,,
1001,AT5G03120,AT2G21830,,AT1G49310,,,,
1002,AT1G21520,AT2G12462,,AT4G37450,,,,
1003,AT4G08685,AT5G25450,,ATMG00330,,,,
1004,AT3G26230,AT5G15150,,AT1G68360,,,,
1005,AT2G07808,AT1G69530,,AT5G65390,,,,
1006,AT1G21680,AT5G42655,,AT2G43870,,,,
1007,,,,AT5G54080,,,,
1008,,,,AT5G48900,,,,
1009,,,,AT3G01770,,,,
1010,,,,AT2G36830,,,,
1011,,,,AT5G48570,,,,
1012,,,,AT5G53830,,,,
1013,,,,AT2G31980,,,,
1014,,,,AT5G59130,,,,
1015,,,,AT3G01490,,,,
1016,,,,AT5G45080,,,,
1017,,,,AT3G21950,,,,
1018,,,,AT3G53420,,,,
1019,,,,AT5G21170,,,,
1020,,,,AT1G64360,,,,
1021,,,,AT4G21340,,,,
1022,,,,AT1G64200,,,,
1023,,,,ATCG00940,,,,
1024,,,,AT1G11410,,,,
1025,,,,AT1G10550,,,,
1026,,,,AT4G12320,,,,
1027,,,,AT1G79245,,,,
1028,,,,ATMG00640,,,,
1029,,,,AT5G38150,,,,
1030,,,,AT2G33051,,,,
1031,,,,AT4G21740,,,,
1032,,,,AT4G37980,,,,
1033,,,,AT2G37180,,,,
1034,,,,AT1G75166,,,,
1035,,,,AT5G13930,,,,
1036,,,,AT4G12730,,,,
1037,,,,AT5G21105,,,,
1038,,,,AT3G30214,,,,
1039,,,,AT5G03130,,,,
1040,,,,AT5G16340,,,,
1041,,,,AT1G30280,,,,
1042,,,,AT5G03260,,,,
1043,,,,ATCG00360,,,,
1044,,,,AT1G62981,,,,
1045,,,,AT1G52690,,,,
1046,,,,AT4G37800,,,,
1047,,,,AT3G56230,,,,
1048,,,,AT4G31940,,,,
1049,,,,AT5G60840,,,,
1050,,,,AT3G52060,,,,
1051,,,,AT2G39850,,,,
1052,,,,AT3G21550,,,,
1053,,,,AT3G53040,,,,
1054,,,,AT5G54165,,,,
1055,,,,AT2G07726,,,,
1056,,,,AT5G41060,,,,
1057,,,,AT5G41140,,,,
1058,,,,AT4G39363,,,,
1059,,,,AT4G39364,,,,
1060,,,,AT4G39955,,,,
1061,,,,AT4G17695,,,,
1062,,,,AT1G75260,,,,
1063,,,,AT5G41900,,,,
1064,,,,AT3G18773,,,,
1065,,,,AT4G33905,,,,
1066,,,,AT5G03720,,,,
1067,,,,AT3G62860,,,,
1068,,,,AT5G51170,,,,
1069,,,,AT2G04040,,,,
1070,,,,AT5G03860,,,,
1071,,,,AT5G11110,,,,
1072,,,,AT4G10150,,,,
1073,,,,AT5G57660,,,,
1074,,,,AT3G15095,,,,
1075,,,,AT3G16180,,,,
1076,,,,AT1G14520,,,,
1077,,,,AT5G15580,,,,
1078,,,,AT4G38860,,,,
1079,,,,ATMG01080,,,,
1080,,,,AT3G06140,,,,
1081,,,,AT4G08555,,,,
1082,,,,AT5G49280,,,,
1083,,,,AT4G25760,,,,
1084,,,,AT1G61340,,,,
1085,,,,AT4G25810,,,,
1086,,,,AT3G48550,,,,
1087,,,,AT2G15490,,,,
1088,,,,AT4G35100,,,,
1089,,,,AT1G15175,,,,
1090,,,,AT1G60740,,,,
1091,,,,AT5G55730,,,,
1092,,,,AT2G33570,,,,
1093,,,,AT1G04040,,,,
1094,,,,AT2G26690,,,,
1095,,,,AT2G37870,,,,
1096,,,,AT3G13061,,,,
1097,,,,AT5G52900,,,,
1098,,,,AT4G34760,,,,
1099,,,,AT1G04310,,,,
1100,,,,AT1G78340,,,,
1101,,,,AT3G62070,,,,
1102,,,,AT1G15310,,,,
1103,,,,AT3G02850,,,,
1104,,,,AT1G04250,,,,
1105,,,,AT4G19460,,,,
1106,,,,AT5G15830,,,,
1107,,,,AT5G49120,,,,
1108,,,,AT5G18690,,,,
1109,,,,AT5G52882,,,,
1110,,,,AT3G55900,,,,
1111,,,,AT5G43700,,,,
1112,,,,AT5G21100,,,,
1113,,,,AT2G24280,,,,
1114,,,,AT1G15380,,,,
1115,,,,AT1G19350,,,,
1116,,,,AT4G33010,,,,
1117,,,,ATCG00340,,,,
1118,,,,AT1G61667,,,,
1119,,,,AT2G29340,,,,
1120,,,,AT1G74430,,,,
1121,,,,AT5G57920,,,,
1122,,,,AT1G04220,,,,
1123,,,,AT5G45070,,,,
1124,,,,AT5G24380,,,,
1125,,,,AT3G11600,,,,
1126,,,,AT3G63050,,,,
1127,,,,AT1G72770,,,,
1128,,,,AT5G22500,,,,
1129,,,,AT1G15790,,,,
1130,,,,AT2G20723,,,,
1131,,,,AT5G52120,,,,
1132,,,,AT1G67900,,,,
1133,,,,AT5G27000,,,,
1134,,,,AT5G42200,,,,
1135,,,,AT1G68690,,,,
1136,,,,AT3G11690,,,,
1137,,,,AT5G66920,,,,
1138,,,,AT1G33640,,,,
1139,,,,ATCG01060,,,,
1140,,,,AT5G66840,,,,
1141,,,,AT4G01335,,,,
1142,,,,ATCG00040,,,,
1143,,,,AT1G08300,,,,
1144,,,,AT2G15580,,,,
1145,,,,AT2G24190,,,,
1146,,,,AT1G13790,,,,
1147,,,,AT5G63600,,,,
1148,,,,AT2G27660,,,,
1149,,,,AT1G43790,,,,
1150,,,,AT2G23000,,,,
1151,,,,AT5G42655,,,,
1152,,,,AT5G47560,,,,
1153,,,,AT4G33420,,,,
1154,,,,ATCG00720,,,,
1155,,,,AT5G25460,,,,
1156,,,,AT2G18050,,,,
1157,,,,AT1G62290,,,,
1158,,,,AT1G71870,,,,
1159,,,,AT4G22200,,,,
1160,,,,AT2G40090,,,,
1161,,,,AT5G44190,,,,
1162,,,,AT1G31580,,,,
1163,,,,AT2G36750,,,,
1164,,,,AT3G02620,,,,
1165,,,,AT2G41312,,,,
1166,,,,AT5G47240,,,,
1167,,,,AT5G66650,,,,
1168,,,,AT4G36600,,,,
1169,,,,AT4G08150,,,,
1170,,,,AT1G72180,,,,
1171,,,,AT1G68560,,,,
1172,,,,AT5G41470,,,,
1173,,,,AT3G12320,,,,
1174,,,,AT3G54030,,,,
1175,,,,AT1G13245,,,,
1176,,,,AT1G29500,,,,
1177,,,,AT3G46900,,,,
1178,,,,AT1G52830,,,,
1179,,,,AT2G19580,,,,
1180,,,,AT2G23672,,,,
1181,,,,AT2G23170,,,,
1182,,,,AT1G62920,,,,
1183,,,,AT3G15340,,,,
1184,,,,AT2G47780,,,,
1185,,,,AT4G17460,,,,
1186,,,,AT5G24206,,,,
1187,,,,AT5G24160,,,,
1188,,,,AT5G42250,,,,
1189,,,,AT1G01620,,,,
1190,,,,AT2G40475,,,,
1191,,,,AT2G47770,,,,
1192,,,,AT5G59240,,,,
1193,,,,AT4G36730,,,,
1194,,,,AT1G32100,,,,
1195,,,,AT5G05420,,,,
1196,,,,AT1G32450,,,,
1197,,,,AT5G60020,,,,
1198,,,,AT4G19120,,,,
1199,,,,AT1G06080,,,,
1200,,,,AT2G29120,,,,
1201,,,,AT2G40200,,,,
1202,,,,AT3G20110,,,,
1203,,,,AT1G59860,,,,
1204,,,,AT1G26560,,,,
1205,,,,AT5G40420,,,,
1206,,,,AT3G58120,,,,
1207,,,,AT5G63820,,,,
1208,,,,AT4G19370,,,,
1209,,,,AT4G32460,,,,
1210,,,,AT5G24155,,,,
1211,,,,AT4G33120,,,,
1212,,,,AT5G01180,,,,
1213,,,,AT1G51580,,,,
1214,,,,AT1G02340,,,,
1215,,,,AT5G40100,,,,
1216,,,,AT5G06510,,,,
1217,,,,AT2G46780,,,,
1218,,,,AT5G25240,,,,
1219,,,,AT5G01740,,,,
1220,,,,AT5G01210,,,,
1221,,,,AT4G36230,,,,
1222,,,,AT3G50340,,,,
1223,,,,AT1G55040,,,,
1224,,,,AT2G05510,,,,
1225,,,,AT1G76690,,,,
1226,,,,AT1G16390,,,,
1227,,,,AT1G03820,,,,
1228,,,,AT5G06280,,,,
1229,,,,AT5G64552,,,,
1230,,,,AT5G03990,,,,
1231,,,,AT5G40250,,,,
1232,,,,AT1G67650,,,,
1233,,,,AT3G50930,,,,
1234,,,,AT1G55960,,,,
1235,,,,AT2G32340,,,,
1236,,,,AT5G13700,,,,
1237,,,,AT5G59510,,,,
1238,,,,AT3G60290,,,,
1239,,,,AT1G09570,,,,
1240,,,,AT1G65970,,,,
1241,,,,AT5G65380,,,,
1242,,,,AT3G47980,,,,
1243,,,,AT1G65500,,,,
1244,,,,AT5G39160,,,,
1245,,,,AT1G30515,,,,
1246,,,,AT5G07000,,,,
1247,,,,AT1G30510,,,,
1248,,,,AT4G28240,,,,
1249,,,,AT3G49550,,,,
1250,,,,AT1G31770,,,,
1251,,,,AT3G47347,,,,
1252,,,,AT3G47340,,,,
1253,,,,ATCG00350,,,,
1254,,,,AT2G41820,,,,
1255,,,,AT2G33060,,,,
1256,,,,AT3G48610,,,,
1257,,,,AT4G13260,,,,
1258,,,,AT4G37730,,,,
1259,,,,AT4G13340,,,,
1260,,,,AT1G70985,,,,
1261,,,,AT3G30180,,,,
1262,,,,AT1G70980,,,,
1263,,,,AT5G58770,,,,
1264,,,,AT5G35110,,,,
1265,,,,AT5G02020,,,,
1266,,,,AT4G12740,,,,
1267,,,,AT5G03120,,,,
1268,,,,AT4G38700,,,,
1269,,,,AT1G71990,,,,
1270,,,,AT5G43950,,,,
1271,,,,AT4G14690,,,,
1272,,,,AT3G27070,,,,
1273,,,,AT1G76960,,,,
1274,,,,AT5G58550,,,,
1275,,,,AT1G53690,,,,
1276,,,,AT2G14900,,,,
1277,,,,AT2G34260,,,,
1278,,,,AT1G31280,,,,
1279,,,,AT5G02750,,,,
1280,,,,AT1G26945,,,,
1281,,,,AT3G21010,,,,
1282,,,,AT5G33355,,,,
1283,,,,AT3G20540,,,,
1284,,,,AT4G35770,,,,
1285,,,,AT5G06970,,,,
1286,,,,AT3G12710,,,,
1287,,,,AT3G05910,,,,
1288,,,,AT5G13170,,,,
1289,,,,AT1G07119,,,,
1290,,,,AT4G38770,,,,
1291,,,,AT1G20620,,,,
1292,,,,AT5G62220,,,,
1293,,,,AT2G32560,,,,
1294,,,,AT3G13277,,,,
1295,,,,AT1G07440,,,,
1296,,,,AT5G18340,,,,
1297,,,,AT4G26990,,,,
1298,,,,AT5G63790,,,,
1299,,,,AT4G38400,,,,
1300,,,,AT3G59930,,,,
1301,,,,ATMG00060,,,,
1302,,,,AT5G09350,,,,
1303,,,,AT4G39800,,,,
1304,,,,AT5G19190,,,,
1305,,,,AT5G08600,,,,
1306,,,,AT2G21320,,,,
1307,,,,ATMG01090,,,,
1308,,,,AT1G60270,,,,
1309,,,,AT3G61750,,,,
1310,,,,AT5G45275,,,,
1311,,,,AT1G61275,,,,
1312,,,,AT3G28180,,,,
1313,,,,AT1G62840,,,,
1314,,,,AT5G63810,,,,
1315,,,,AT4G25800,,,,
1316,,,,AT5G57550,,,,
1317,,,,AT2G07826,,,,
1318,,,,AT1G08430,,,,
1319,,,,ATCG00220,,,,
1320,,,,AT3G57410,,,,
1321,,,,AT4G34770,,,,
1322,,,,AT1G75590,,,,
1323,,,,AT4G25560,,,,
1324,,,,AT5G38200,,,,
1325,,,,AT5G23840,,,,
1326,,,,AT5G22860,,,,
1327,,,,AT1G75450,,,,
1328,,,,AT2G38530,,,,
1329,,,,AT5G22580,,,,
1330,,,,AT5G04190,,,,
1331,,,,AT2G17650,,,,
1332,,,,AT4G15340,,,,
1333,,,,AT1G04240,,,,
1334,,,,AT5G36925,,,,
1335,,,,AT1G01200,,,,
1336,,,,AT4G36850,,,,
1337,,,,AT3G03520,,,,
1338,,,,AT3G19380,,,,
1339,,,,AT5G15290,,,,
1340,,,,AT3G13950,,,,
1341,,,,ATCG01100,,,,
1342,,,,AT2G21430,,,,
1343,,,,AT5G59320,,,,
1344,,,,AT2G06850,,,,
1345,,,,AT3G16770,,,,
1346,,,,AT2G22821,,,,
1347,,,,AT2G39130,,,,
1348,,,,AT2G42040,,,,
1349,,,,AT2G22980,,,,
1350,,,,AT5G56080,,,,
1351,,,,AT2G37580,,,,
1352,,,,AT5G63190,,,,
1353,,,,AT1G14120,,,,
1354,,,,AT3G49110,,,,
1355,,,,AT3G22600,,,,
1356,,,,AT5G49370,,,,
1357,,,,AT1G04560,,,,
1358,,,,AT5G11100,,,,
1359,,,,AT2G32990,,,,
1360,,,,AT1G78750,,,,
1361,,,,AT4G02005,,,,
1362,,,,AT3G62040,,,,
1363,,,,AT1G78450,,,,
1364,,,,AT5G09540,,,,
1365,,,,AT2G39310,,,,
1366,,,,AT1G73165,,,,
1367,,,,AT2G20750,,,,
1368,,,,AT2G40711,,,,
1369,,,,AT4G09460,,,,
1370,,,,AT3G27630,,,,
1371,,,,AT4G20230,,,,
1372,,,,AT4G09300,,,,
1373,,,,AT3G61800,,,,
1374,,,,AT5G66390,,,,
1375,,,,AT1G14540,,,,
1376,,,,ATMG01370,,,,
1377,,,,AT1G21980,,,,
1378,,,,AT1G01190,,,,
1379,,,,ATCG00070,,,,
1380,,,,AT5G25370,,,,
1381,,,,AT1G02850,,,,
1382,,,,AT5G19120,,,,
1383,,,,AT2G32190,,,,
1384,,,,AT3G49570,,,,
1385,,,,AT2G45960,,,,
1386,,,,AT1G59710,,,,
1387,,,,AT3G07350,,,,
1388,,,,AT1G69070,,,,
1389,,,,AT3G09600,,,,
1390,,,,AT2G35742,,,,
1391,,,,AT2G18690,,,,
1392,,,,AT5G43540,,,,
1393,,,,AT4G16690,,,,
1394,,,,AT1G62280,,,,
1395,,,,AT4G14930,,,,
1396,,,,AT1G44830,,,,
1397,,,,AT4G18670,,,,
1398,,,,AT2G36040,,,,
1399,,,,AT1G01580,,,,
1400,,,,AT5G67060,,,,
1401,,,,AT1G69080,,,,
1402,,,,AT1G56320,,,,
1403,,,,AT2G01190,,,,
1404,,,,AT2G18193,,,,
1405,,,,AT5G14360,,,,
1406,,,,AT3G57940,,,,
1407,,,,AT3G60910,,,,
1408,,,,AT5G35995,,,,
1409,,,,AT2G15020,,,,
1410,,,,AT1G13080,,,,
1411,,,,AT5G37550,,,,
1412,,,,AT2G36100,,,,
1413,,,,AT1G28685,,,,
1414,,,,AT5G16350,,,,
1415,,,,AT3G22945,,,,
1416,,,,AT3G63088,,,,
1417,,,,AT2G47880,,,,
1418,,,,AT1G76610,,,,
1419,,,,AT5G43330,,,,
1420,,,,AT1G35660,,,,
1421,,,,AT5G58360,,,,
1422,,,,AT1G63730,,,,
1423,,,,AT4G15710,,,,
1424,,,,AT2G47060,,,,
1425,,,,AT2G27580,,,,
1426,,,,AT2G20670,,,,
1427,,,,AT5G05430,,,,
1428,,,,AT1G18330,,,,
1429,,,,AT1G68850,,,,
1430,,,,AT1G67148,,,,
1431,,,,AT2G23110,,,,
1432,,,,AT5G06865,,,,
1433,,,,AT3G04740,,,,
1434,,,,AT1G17700,,,,
1435,,,,AT3G09290,,,,
1436,,,,AT5G40020,,,,
1437,,,,AT1G71740,,,,
1438,,,,AT1G23052,,,,
1439,,,,AT2G47160,,,,
1440,,,,AT3G03870,,,,
1441,,,,AT2G26220,,,,
1442,,,,AT5G48850,,,,
1443,,,,AT1G26800,,,,
1444,,,,AT4G16270,,,,
1445,,,,AT2G35880,,,,
1446,,,,AT1G76500,,,,
1447,,,,AT1G09460,,,,
1448,,,,AT1G69530,,,,
1449,,,,AT5G01730,,,,
1450,,,,AT3G04730,,,,
1451,,,,AT2G46610,,,,
1452,,,,AT1G30760,,,,
1453,,,,AT4G24450,,,,
1454,,,,AT3G20380,,,,
1455,,,,AT2G46750,,,,
1456,,,,AT3G21890,,,,
1457,,,,AT4G24510,,,,
1458,,,,AT3G21720,,,,
1459,,,,AT3G24255,,,,
1460,,,,ATMG01000,,,,
1461,,,,AT1G12110,,,,
1462,,,,AT1G63420,,,,
1463,,,,AT2G43060,,,,
1464,,,,AT3G46450,,,,
1465,,,,AT3G54260,,,,
1466,,,,AT4G17250,,,,
1467,,,,AT1G23020,,,,
1468,,,,AT5G25490,,,,
1469,,,,ATMG00250,,,,
1470,,,,AT1G62380,,,,
1471,,,,AT5G40090,,,,
1472,,,,AT5G59440,,,,
1473,,,,AT1G71696,,,,
1474,,,,AT3G21805,,,,
1475,,,,AT5G48920,,,,
1476,,,,AT5G06200,,,,
1477,,,,AT4G18580,,,,
1478,,,,AT5G53815,,,,
1479,,,,AT1G58030,,,,
1480,,,,AT5G02230,,,,
1481,,,,AT3G55740,,,,
1482,,,,AT1G65310,,,,
1483,,,,AT5G07010,,,,
1484,,,,AT4G19820,,,,
1485,,,,AT1G30500,,,,
1486,,,,AT1G06350,,,,
1487,,,,AT5G62490,,,,
1488,,,,AT1G78110,,,,
1489,,,,AT3G06890,,,,
1490,,,,AT5G21970,,,,
1491,,,,AT2G21185,,,,
1492,,,,AT3G57700,,,,
1493,,,,AT1G65490,,,,
1494,,,,AT1G49200,,,,
1495,,,,AT4G28390,,,,
1496,,,,AT1G45015,,,,
1497,,,,AT3G23810,,,,
1498,,,,AT3G47400,,,,
1499,,,,AT1G70830,,,,
1500,,,,AT4G09890,,,,
1501,,,,AT1G49860,,,,
1502,,,,AT5G02190,,,,
1503,,,,AT1G75100,,,,
1504,,,,AT1G07350,,,,
1505,,,,AT5G65320,,,,
1506,,,,AT2G02120,,,,
1507,,,,AT1G32690,,,,
1508,,,,AT5G59010,,,,
1509,,,,AT4G11190,,,,
1510,,,,AT5G02760,,,,
1511,,,,AT5G07330,,,,
1512,,,,ATMG00780,,,,
1513,,,,AT1G69810,,,,
1514,,,,AT5G02560,,,,
1515,,,,AT2G07747,,,,
1516,,,,AT3G11700,,,,
1517,,,,AT4G05110,,,,
1518,,,,AT5G38280,,,,
1519,,,,AT2G39830,,,,
1520,,,,AT3G05900,,,,
1521,,,,AT5G51390,,,,
1522,,,,AT4G14750,,,,
1523,,,,AT4G37890,,,,
1524,,,,AT1G35830,,,,
1525,,,,AT2G42620,,,,
1526,,,,AT2G23985,,,,
1527,,,,AT4G21730,,,,
1528,,,,AT1G69880,,,,
1529,,,,AT3G28860,,,,
1530,,,,AT5G47380,,,,
1531,,,,AT5G23750,,,,
1532,,,,AT5G43860,,,,
1533,,,,AT5G08220,,,,
1534,,,,AT1G70690,,,,
1535,,,,AT1G47655,,,,
1536,,,,AT3G57740,,,,
1537,,,,AT1G10740,,,,
1538,,,,AT3G49820,,,,
1539,,,,AT3G16890,,,,
1540,,,,AT3G41761,,,,
1541,,,,AT2G25220,,,,
1542,,,,ATCG00210,,,,
1543,,,,AT4G24700,,,,
1544,,,,AT1G53635,,,,
1545,,,,AT5G39190,,,,
1546,,,,AT2G42530,,,,
1547,,,,AT2G38600,,,,
1548,,,,AT5G09800,,,,
1549,,,,AT3G19620,,,,
1550,,,,AT3G28290,,,,
1551,,,,AT5G09805,,,,
1552,,,,AT3G28740,,,,
1553,,,,AT4G30280,,,,
1554,,,,AT5G36910,,,,
1555,,,,AT4G32350,,,,
1556,,,,AT2G38540,,,,
1557,,,,AT4G15330,,,,
1558,,,,AT1G74310,,,,
1559,,,,AT5G61270,,,,
1560,,,,AT3G55230,,,,
1561,,,,AT4G38932,,,,
1562,,,,AT5G62100,,,,
1563,,,,AT3G59220,,,,
1564,,,,AT1G18710,,,,
1565,,,,AT5G62170,,,,
1566,,,,AT5G49380,,,,
1567,,,,AT4G28290,,,,
1568,,,,AT1G52190,,,,
1569,,,,AT3G26520,,,,
1570,,,,AT1G73870,,,,
1571,,,,AT2G45400,,,,
1572,,,,AT4G31000,,,,
1573,,,,AT4G30060,,,,
1574,,,,AT1G73190,,,,
1575,,,,AT2G22830,,,,
1576,,,,AT4G15800,,,,
1577,,,,ATCG00280,,,,
1578,,,,AT1G04650,,,,
1579,,,,AT5G66480,,,,
1580,,,,AT1G33615,,,,
1581,,,,AT4G00910,,,,
1582,,,,AT5G63180,,,,
1583,,,,AT3G44990,,,,
1584,,,,AT5G49360,,,,
1585,,,,AT1G15830,,,,
1586,,,,AT1G19396,,,,
1587,,,,AT3G29370,,,,
1588,,,,AT4G19690,,,,
1589,,,,AT1G04778,,,,
1590,,,,AT4G23690,,,,
1591,,,,AT1G05680,,,,
1592,,,,AT5G18010,,,,
1593,,,,AT3G19470,,,,
1594,,,,AT5G03285,,,,
1595,,,,AT1G18620,,,,
1596,,,,AT1G69160,,,,
1597,,,,AT4G36520,,,,
1598,,,,AT3G49580,,,,
1599,,,,AT4G32280,,,,
1600,,,,AT5G25140,,,,
1601,,,,AT5G19875,,,,
1602,,,,AT5G19870,,,,
1603,,,,AT4G28270,,,,
1604,,,,AT5G09978,,,,
1605,,,,AT1G33055,,,,
1606,,,,AT5G49700,,,,
1607,,,,AT2G45470,,,,
1608,,,,AT2G34020,,,,
1609,,,,AT5G60290,,,,
1610,,,,AT2G39010,,,,
1611,,,,AT5G18080,,,,
1612,,,,AT2G41475,,,,
1613,,,,AT5G51890,,,,
1614,,,,AT5G47540,,,,
1615,,,,AT1G05420,,,,
1616,,,,ATCG00710,,,,
1617,,,,AT2G26110,,,,
1618,,,,AT5G46240,,,,
1619,,,,AT1G27420,,,,
1620,,,,AT4G39320,,,,
1621,,,,AT3G45160,,,,
1622,,,,AT5G27660,,,,
1623,,,,AT2G40170,,,,
1624,,,,AT1G13480,,,,
1625,,,,AT4G14940,,,,
1626,,,,AT1G01430,,,,
1627,,,,AT2G41480,,,,
1628,,,,AT5G66170,,,,
1629,,,,AT5G10695,,,,
1630,,,,AT1G56720,,,,
1631,,,,AT1G48130,,,,
1632,,,,AT4G20880,,,,
1633,,,,AT5G63450,,,,
1634,,,,AT5G10970,,,,
1635,,,,AT5G56230,,,,
1636,,,,AT2G23590,,,,
1637,,,,AT2G23690,,,,
1638,,,,AT2G44690,,,,
1639,,,,AT3G54400,,,,
1640,,,,AT3G23030,,,,
1641,,,,AT4G30960,,,,
1642,,,,AT1G28670,,,,
1643,,,,AT5G52310,,,,
1644,,,,AT2G19310,,,,
1645,,,,AT2G33810,,,,
1646,,,,AT5G23190,,,,
1647,,,,AT4G08290,,,,
1648,,,,AT3G22400,,,,
1649,,,,AT3G26445,,,,
1650,,,,AT2G20722,,,,
1651,,,,AT4G13750,,,,
1652,,,,AT4G33490,,,,
1653,,,,AT4G08685,,,,
1654,,,,AT5G23860,,,,
1655,,,,AT1G77200,,,,
1656,,,,AT4G27450,,,,
1657,,,,AT4G19130,,,,
1658,,,,AT4G08040,,,,
1659,,,,AT3G54120,,,,
1660,,,,AT2G20560,,,,
1661,,,,AT5G10580,,,,
1662,,,,AT4G23670,,,,
1663,,,,AT1G69780,,,,
1664,,,,AT2G23180,,,,
1665,,,,AT1G64670,,,,
1666,,,,AT5G01930,,,,
1667,,,,AT4G25260,,,,
1668,,,,AT1G25988,,,,
1669,,,,AT1G77870,,,,
1670,,,,AT1G03760,,,,
1671,,,,AT2G32210,,,,
1672,,,,AT3G03110,,,,
1673,,,,AT2G33250,,,,
1674,,,,AT2G47000,,,,
1675,,,,AT3G03840,,,,
1676,,,,AT2G19650,,,,
1677,,,,AT5G02850,,,,
1678,,,,AT1G76470,,,,
1679,,,,AT4G16260,,,,
1680,,,,AT4G18970,,,,
1681,,,,AT4G33666,,,,
1682,,,,AT5G25380,,,,
1683,,,,AT5G61660,,,,
1684,,,,AT4G33660,,,,
1685,,,,AT2G21830,,,,
1686,,,,AT5G25450,,,,
1687,,,,AT5G06470,,,,
1688,,,,AT3G26230,,,,
1689,,,,AT1G22910,,,,
